Q5SME2_THET8	E6SK03_THEM7	1:1	
Q5SME1	E6SKU4_THEM7	1:1	1113391
Q5SME0_THET8	E6SG87_THEM7	1:1	
Q5SMD7	E6SKS2_THEM7	1:1	634193
Q5SMD2_THET8	E6SMN4_THEM7	1:1	1100755
Q5SMD1_THET8	E6SHD6_THEM7	1:1	
Q5SMC8	E6SIH0_THEM7	1:1	1113380
Q5SMC4_THET8	E6SKM0_THEM7	1:1	
Q5SMC3_THET8	E6SHG7_THEM7	n:m	
Q5SMC3_THET8	E6SII0_THEM7	n:m	
Q5SMC3_THET8	E6SMB0_THEM7	n:m	
Q5SMC3_THET8	E6SGW2_THEM7	n:m	
Q5SMC3_THET8	E6SH60_THEM7	n:m	
Q5SMC3_THET8	E6SH80_THEM7	n:m	
Q5SMC3_THET8	E6SJY9_THEM7	n:m	
Q5SMB1_THET8	E6SI91_THEM7	1:1	
Q5SMB0_THET8	E6SG67_THEM7	1:1	
Q5SMA3_THET8	E6SMM1_THEM7	1:m	
Q5SMA3_THET8	E6SHX0_THEM7	1:m	1088841
Q5SMA3_THET8	E6SJU0_THEM7	1:m	
Q5SMA0_THET8	E6SJ11_THEM7	1:1	
Q56232	E6SG59_THEM7	1:1	
Q5SM94_THET8	E6SLY3_THEM7	1:1	
Q5SM89_THET8	E6SIL1_THEM7	1:1	1039924
Q5SM87_THET8	E6SHQ0_THEM7	1:1	
Q5SM85_THET8	E6SKA9_THEM7	1:1	
Q5SM81_THET8	E6SM56_THEM7	1:1	
Q5SM80_THET8	E6SJA3_THEM7	1:1	1079189
Q5SM76_THET8	E6SM59_THEM7	1:1	1095275
Q5SM72_THET8	E6SGX6_THEM7	1:m	
Q5SM72_THET8	E6SI39_THEM7	1:m	
Q5SM69_THET8	E6SJM0_THEM7	1:1	633290
Q5SM67_THET8	E6SGB3_THEM7	1:1	
Q5SM66_THET8	E6SII8_THEM7	1:1	
Q5SM60	E6SL08_THEM7	1:1	1077515
Q56217	E6SMH2_THEM7	1:1	
Q56218	E6SMH3_THEM7	1:1	851737
Q56220	E6SMH5_THEM7	1:m	1031490
Q56220	E6SM67_THEM7	1:m	
Q60019	E6SMH6_THEM7	1:1	851695
Q56224	E6SMH7_THEM7	1:1	
Q56226	E6SMH9_THEM7	1:1	1054542
Q56227	E6SMI0_THEM7	1:1	851894
Q56228	E6SMI1_THEM7	1:1	851702
Q56229	E6SMI2_THEM7	1:1	
Q5SM45	E6SLH4_THEM7	1:1	
Q5SM43_THET8	E6SIY4_THEM7	1:1	782321
Q5SM40_THET8	E6SJ19_THEM7	1:1	1037436
Q5SM37_THET8	E6SJB1_THEM7	1:1	
Q5SM33_THET8	E6SME0_THEM7	1:1	
Q5SM31_THET8	E6SII5_THEM7	1:1	604804
Q5SM25	E6SJS2_THEM7	1:1	
Q5SM23	E6SK89_THEM7	1:1	1114849
Q5SM22_THET8	E6SJL9_THEM7	1:1	
Q5SM19_THET8	E6SJZ8_THEM7	1:1	1111392
Q5SM15	E6SHF3_THEM7	1:1	
Q5SM09	E6SMJ1_THEM7	1:1	1103677
Q5SM07_THET8	E6SLS0_THEM7	1:1	
Q5SM03	E6SLM9_THEM7	1:1	1111612
Q5SM01	E6SLZ7_THEM7	1:1	
Q5SM00_THET8	E6SH90_THEM7	1:1	
Q5SLZ8_THET8	E6SHG7_THEM7	n:m	
Q5SLZ8_THET8	E6SII0_THEM7	n:m	
Q5SLZ8_THET8	E6SMB0_THEM7	n:m	
Q5SLZ8_THET8	E6SGW2_THEM7	n:m	
Q5SLZ8_THET8	E6SH60_THEM7	n:m	
Q5SLZ8_THET8	E6SH80_THEM7	n:m	
Q5SLZ8_THET8	E6SJY9_THEM7	n:m	
Q5SLZ0_THET8	E6SGC2_THEM7	n:m	
Q5SLZ0_THET8	E6SHN3_THEM7	n:m	
Q5SLY6_THET8	E6SLW7_THEM7	1:1	1082940
Q5SLY2_THET8	E6SKB9_THEM7	1:1	604879
Q5SLY0_THET8	E6SM61_THEM7	1:1	
Q5SLX5_THET8	E6SLF4_THEM7	1:1	
Q5SLX1	E6SK12_THEM7	1:1	
Q5SLX0_THET8	E6SI58_THEM7	1:1	1099614
Q5SLW9	E6SKA6_THEM7	n:1	
Q5SLW8_THET8	E6SJF9_THEM7	n:1	
P03942	E6SGG8_THEM7	1:m	851062
P03942	E6SHK3_THEM7	1:m	
Q5SLW4_THET8	E6SL13_THEM7	1:1	1081802
Q5SLV6_THET8	E6SJA8_THEM7	n:1	851934
Q5SLV5	E6SK71_THEM7	1:1	
Q5SLU4_THET8	E6SHQ4_THEM7	1:1	838345
Q5SLU2_THET8	E6SJL7_THEM7	1:1	
Q5SLT9_THET8	E6SMJ3_THEM7	n:m	
Q5SLT9_THET8	E6SHF6_THEM7	n:m	
Q5SLT8_THET8	E6SHF8_THEM7	1:1	
Q8VVE3	E6SLE0_THEM7	1:1	1092626
Q8VVE2	E6SLD9_THEM7	1:1	1115326
Q5SLS8_THET8	E6SJB4_THEM7	1:m	
Q5SLS8_THET8	E6SL58_THEM7	1:m	
Q5SLS7_THET8	E6SKQ1_THEM7	1:1	
Q5SLS6	E6SJS3_THEM7	1:1	
Q5SLS5_THET8	E6SK57_THEM7	1:1	1107127
Q5SLS4_THET8	E6SKM7_THEM7	1:1	
Q5SLS3_THET8	E6SMJ7_THEM7	1:1	
Q5SLS2_THET8	E6SJX3_THEM7	1:1	
Q5SLS1	E6SLI4_THEM7	1:1	1108498
Q5SLR9_THET8	E6SHU5_THEM7	1:m	
Q5SLR9_THET8	E6SIN7_THEM7	1:m	
Q5SLR8_THET8	E6SLV3_THEM7	1:1	1073489
Q5SLR5	E6SLH9_THEM7	1:1	1056690
Q5SLR3	E6SHI6_THEM7	n:1	
Q5SLR1_THET8	E6SHI5_THEM7	1:1	
Q5SLR0_THET8	E6SHI4_THEM7	1:1	
Q5SLQ8_THET8	E6SMC9_THEM7	1:1	
Q5SLQ6_THET8	E6SIS2_THEM7	n:1	
Q5SLQ4	E6SHH9_THEM7	1:1	1111528
Q5SLQ3	E6SHH8_THEM7	1:1	
Q5SLQ1	E6SLI6_THEM7	1:1	1066475
Q5SLP7	E6SLE1_THEM7	1:1	1113546
Q5SLP6	E6SLE2_THEM7	1:1	1114269
P35872	E6SLE3_THEM7	1:1	825015
P60339	E6SLE6_THEM7	n:1	851653
Q5SLN8_THET8	E6SHG0_THEM7	n:m	
Q5SLN8_THET8	E6SIH8_THEM7	n:m	
Q5SLN6_THET8	E6SLL2_THEM7	1:1	635922
Q5SLN5	E6SLB0_THEM7	1:1	1111672
Q5SLN3_THET8	E6SH92_THEM7	1:m	
Q5SLN3_THET8	E6SH93_THEM7	1:m	
Q5SLN1	E6SH91_THEM7	1:1	
Q5SLN0_THET8	E6SJG4_THEM7	1:1	
Q5SLM9_THET8	E6SK04_THEM7	1:1	1065452
Q5SLM4_THET8	E6SHT3_THEM7	1:1	
Q5SLM3	E6SH17_THEM7	1:1	1068862
Q5SLM2	E6SME4_THEM7	1:1	689088
P61493	E6SME3_THEM7	1:1	1105264
Q5SLL8_THET8	E6SIV1_THEM7	1:1	
Q5SLL7_THET8	E6SJ87_THEM7	1:1	
Q5SLL5	E6SIR9_THEM7	1:1	804007
Q5SLL3	E6SJH6_THEM7	1:1	
Q5SLL0	E6SH31_THEM7	1:1	1102969
P59846	E6SH29_THEM7	1:1	1109859
Q5SLK3_THET8	E6SJX9_THEM7	1:1	
Q9F1Q3	E6SIW7_THEM7	1:1	
Q5SLJ8_THET8	E6SIC2_THEM7	1:1	
Q5SLJ7_THET8	E6SLE8_THEM7	1:1	851670
Q5SLJ6_THET8	E6SMB5_THEM7	n:1	1076332
Q5SLJ4_THET8	E6SGZ7_THEM7	1:1	
Q5SLI9_THET8	E6SLW9_THEM7	1:1	630817
Q5SLI8	E6SJR2_THEM7	1:1	1113688
Q5SLI7	E6SIX3_THEM7	1:1	1104527
Q5SLI4_THET8	E6SM05_THEM7	1:m	
Q5SLI4_THET8	E6SLA7_THEM7	1:m	
Q5SLI2_THET8	E6SH40_THEM7	1:1	
P98005	E6SGA9_THEM7	1:m	
P98005	E6SH41_THEM7	1:m	
Q5SLH5_THET8	E6SM27_THEM7	1:1	
Q5SLH4	E6SM26_THEM7	1:1	1112625
Q5SLH0_THET8	E6SM31_THEM7	1:1	1103014
Q5SLG0_THET8	E6SMB1_THEM7	1:1	777131
Q5SLF9_THET8	E6SH97_THEM7	1:1	1040055
Q5SLF8	E6SH98_THEM7	1:1	
Q5SLF7	E6SJ48_THEM7	1:1	1084527
Q5SLF1_THET8	E6SJ96_THEM7	1:1	
Q5SLF0_THET8	E6SMD8_THEM7	n:1	604710
Q5SLE9_THET8	E6SHG0_THEM7	n:m	845917
Q5SLE9_THET8	E6SIH8_THEM7	n:m	
Q5SLE8	E6SLS5_THEM7	1:1	1099521
Q5SLE6_THET8	E6SIW3_THEM7	1:1	
Q5SLE5_THET8	E6SM10_THEM7	1:1	1099120
Q5SLE2_THET8	E6SHB6_THEM7	1:1	852036
Q5SLD9_THET8	E6SGQ9_THEM7	n:m	
Q5SLD9_THET8	E6SIN9_THEM7	n:m	
Q5SLD9_THET8	E6SJ45_THEM7	n:m	
Q5SLD4_THET8	E6SJF9_THEM7	n:1	
Q5SLD1_THET8	E6SIZ7_THEM7	1:1	1074058
Q5SLD0_THET8	E6SL98_THEM7	1:1	1022894
Q5SLC9	E6SHT4_THEM7	1:1	
Q5SLC8_THET8	E6SHT2_THEM7	n:1	652568
Q9LCX2	E6SMG6_THEM7	1:1	1003005
Q5SLC6_THET8	E6SMP1_THEM7	1:1	1114169
Q5SLC5_THET8	E6SK66_THEM7	n:1	
Q5SLC4_THET8	E6SGK7_THEM7	n:m	
Q5SLC4_THET8	E6SI78_THEM7	n:m	
Q5SLC4_THET8	E6SIJ7_THEM7	n:m	
Q5SLC4_THET8	E6SM82_THEM7	n:m	
Q5SLC4_THET8	E6SHN0_THEM7	n:m	
Q5SLC4_THET8	E6SIA0_THEM7	n:m	
Q5SLB6_THET8	E6SGQ8_THEM7	1:1	
Q5SLB4_THET8	E6SIP2_THEM7	n:1	
Q5SLB1_THET8	E6SK54_THEM7	1:1	821495
Q5SLA9	E6SKV1_THEM7	1:1	
Q5SLA8	E6SL19_THEM7	1:1	851652
Q5SLA6_THET8	E6SMD5_THEM7	1:1	
Q5SLA5_THET8	E6SM17_THEM7	1:1	1083950
Q5SLA1_THET8	E6SHN9_THEM7	1:1	
Q5SL93_THET8	E6SGH4_THEM7	1:1	
Q5SL92_THET8	E6SGH5_THEM7	1:1	784169
Q5SL87	E6SIW8_THEM7	1:1	1101867
Q5SL86	E6SG79_THEM7	1:1	1112626
Q5SL85_THET8	E6SJ12_THEM7	1:1	1018708
Q5SL80_THET8	E6SJD6_THEM7	1:1	
Q5SL79	E6SJD5_THEM7	1:1	667274
Q5SL78_THET8	E6SJD4_THEM7	1:1	630816
Q5SL77_THET8	E6SJD3_THEM7	1:1	1055790
Q5SL76_THET8	E6SJD2_THEM7	1:1	992387
P80339	E6SJC9_THEM7	1:1	1082771
Q5SL74_THET8	E6SJC8_THEM7	1:1	
Q5SL71_THET8	E6SHR2_THEM7	1:1	
Q5SL64	E6SHF1_THEM7	1:1	1059437
Q5SL62_THET8	E6SM37_THEM7	n:1	
Q5SL61_THET8	E6SMD7_THEM7	1:1	
Q5SL58_THET8	E6SJF8_THEM7	1:1	726174
Q5SL57_THET8	E6SJE0_THEM7	1:1	851846
P27000	E6SL00_THEM7	1:1	
Q5SL54_THET8	E6SH12_THEM7	n:m	
Q5SL54_THET8	E6SI60_THEM7	n:m	
Q5SL54_THET8	E6SI10_THEM7	n:m	
Q5SL54_THET8	E6SLX8_THEM7	n:m	
Q5SL49	E6SLZ1_THEM7	1:1	
Q5SL46_THET8	E6SH12_THEM7	n:m	
Q5SL46_THET8	E6SI60_THEM7	n:m	
Q5SL46_THET8	E6SI10_THEM7	n:m	
Q5SL46_THET8	E6SLX8_THEM7	n:m	
Q5SL43_THET8	E6SHD2_THEM7	n:m	
Q5SL43_THET8	E6SHS4_THEM7	n:m	
Q5SL43_THET8	E6SLX9_THEM7	n:m	
Q5SL41_THET8	E6SH13_THEM7	n:m	
Q5SL41_THET8	E6SHD4_THEM7	n:m	
Q5SL41_THET8	E6SHS2_THEM7	n:m	
Q5SL41_THET8	E6SLX7_THEM7	n:m	853314
Q5SL40_THET8	E6SJ32_THEM7	1:1	
Q5SL39_THET8	E6SHB4_THEM7	1:1	1079967
Q5SL38_THET8	E6SLB4_THEM7	1:1	749807
Q5SL37_THET8	E6SLB1_THEM7	1:1	
Q5SL36	E6SM15_THEM7	1:1	1113678
Q5SL35	E6SKL8_THEM7	1:1	1115094
Q5SL33_THET8	E6SII9_THEM7	1:1	
Q5SL32_THET8	E6SGK7_THEM7	n:m	
Q5SL32_THET8	E6SI78_THEM7	n:m	
Q5SL32_THET8	E6SIJ7_THEM7	n:m	
Q5SL32_THET8	E6SM82_THEM7	n:m	
Q5SL32_THET8	E6SHN0_THEM7	n:m	
Q5SL32_THET8	E6SIA0_THEM7	n:m	
Q5SL28	E6SII2_THEM7	1:1	
Q5SL27_THET8	E6SGC2_THEM7	n:m	
Q5SL27_THET8	E6SHN3_THEM7	n:m	
Q5SL23_THET8	E6SMF8_THEM7	n:m	
Q5SL23_THET8	E6SHV4_THEM7	n:m	
Q5SL23_THET8	E6SGC5_THEM7	n:m	
Q5SL21_THET8	E6SMG0_THEM7	1:m	
Q5SL21_THET8	E6SM94_THEM7	1:m	
Q5SL21_THET8	E6SI18_THEM7	1:m	
Q5SL20_THET8	E6SMF6_THEM7	1:m	851743
Q5SL20_THET8	E6SGD0_THEM7	1:m	
Q5SL20_THET8	E6SI17_THEM7	1:m	
Q5SL17_THET8	E6SJK1_THEM7	1:1	
Q5SL16_THET8	E6SJK2_THEM7	1:1	
Q5SL08_THET8	E6SK60_THEM7	n:1	
Q5SL04_THET8	E6SLU9_THEM7	1:1	
Q5SL02_THET8	E6SHW5_THEM7	1:1	1113117
Q5SKZ6_THET8	E6SKB0_THEM7	1:1	1044001
Q5SKZ0_THET8	E6SMM2_THEM7	1:1	
Q5SKY8_THET8	E6SMM4_THEM7	1:1	1088845
Q5SKY7_THET8	E6SML9_THEM7	1:1	998066
Q5SKY6_THET8	E6SHV2_THEM7	n:1	
Q5SKY4_THET8	E6SI22_THEM7	1:1	
Q5SKX4_THET8	E6SJ25_THEM7	1:1	677141
Q5SKX0	E6SL74_THEM7	1:1	1089658
Q5SKW9	E6SL73_THEM7	1:1	726002
Q5SKW8_THET8	E6SL72_THEM7	1:1	713598
Q5SKW7	E6SL71_THEM7	1:1	713597
Q5SKW6_THET8	E6SJS4_THEM7	1:1	1066170
Q5SKW5_THET8	E6SKQ3_THEM7	n:1	
Q5SKW1_THET8	E6SJX5_THEM7	1:1	
Q5SKV9_THET8	E6SG90_THEM7	1:1	
Q5SKV8_THET8	E6SHG9_THEM7	1:1	
Q5SKV6_THET8	E6SLS9_THEM7	1:1	1113531
Q5SKV5_THET8	E6SLT0_THEM7	1:1	839767
Q5SKV2_THET8	E6SLF9_THEM7	1:1	1115099
Q5SKU8_THET8	E6SJT4_THEM7	1:1	1110457
Q5SKU7_THET8	E6SKS1_THEM7	1:1	
Q5SKU3_THET8	E6SH14_THEM7	n:m	
Q5SKU3_THET8	E6SMM9_THEM7	n:m	
Q5SKU3_THET8	E6SGE3_THEM7	n:m	
Q5SKU2	E6SIU6_THEM7	1:1	1110401
Q5SKU1	E6SIU7_THEM7	1:1	
P60491	E6SIU8_THEM7	1:1	1040200
P61503	E6SLN6_THEM7	1:1	1110626
Q5SKT5_THET8	E6SHA0_THEM7	1:1	
Q5SKT4_THET8	E6SMD9_THEM7	1:1	
Q5SKT0_THET8	E6SIZ8_THEM7	1:1	1079141
Q5SKS9_THET8	E6SJ01_THEM7	1:1	852424
Q5SKS6	E6SIL6_THEM7	1:1	
Q5SKS3_THET8	E6SIH6_THEM7	1:1	
Q5SKS1	E6SK48_THEM7	1:1	1115121
Q9LCX3	E6SMG5_THEM7	1:1	779789
Q5SKR5	E6SLK4_THEM7	1:1	
Q5SKR4_THET8	E6SJ69_THEM7	1:1	
Q5SKR1_THET8	E6SH06_THEM7	1:1	1099613
Q5SKQ4_THET8	E6SI12_THEM7	1:1	
Q5SKQ2_THET8	E6SGY9_THEM7	1:m	
Q5SKQ2_THET8	E6SI55_THEM7	1:m	
Q5SKP7_THET8	E6SJ30_THEM7	1:1	1011381
Q5SKP6_THET8	E6SHB9_THEM7	1:1	1053449
Q5SKP4_THET8	E6SIH5_THEM7	1:1	1053581
Q5SKP3_THET8	E6SIH4_THEM7	1:1	715158
Q5SKP2	E6SG72_THEM7	1:1	726310
Q5SKN9	E6SG99_THEM7	1:1	852292
Q5SKN8_THET8	E6SH38_THEM7	1:1	
Q5SKN7	E6SIG8_THEM7	1:1	1087262
Q5SKN5_THET8	E6SJ82_THEM7	1:1	
Q5SKN4	E6SL54_THEM7	1:1	
Q5SKN2_THET8	E6SL02_THEM7	1:1	1109912
Q5SKN1	E6SJH5_THEM7	1:1	
Q5SKM9	E6SKT3_THEM7	1:1	1094216
Q5SKM8	E6SKT2_THEM7	1:1	782510
Q5SKM7	E6SKT1_THEM7	1:1	1115205
Q5SKM1_THET8	E6SLK2_THEM7	1:1	1100975
Q5SKL8_THET8	E6SK39_THEM7	1:1	1018849
Q5SKL7	E6SHW2_THEM7	1:1	
Q5SKL3_THET8	E6SJM4_THEM7	1:1	1115206
Q5SKL2_THET8	E6SJM3_THEM7	1:1	1115442
Q5SKL1_THET8	E6SHU3_THEM7	1:1	666905
Q5SKK0_THET8	E6SI38_THEM7	1:1	
Q5SKJ8_THET8	E6SHS1_THEM7	1:1	
Q5SKJ3_THET8	E6SLQ4_THEM7	1:1	
Q5SKI9_THET8	E6SG88_THEM7	1:1	851707
Q5SKI6_THET8	E6SKA4_THEM7	1:1	1097980
Q5SKI2_THET8	E6SH19_THEM7	1:1	
Q5SKI0_THET8	E6SK81_THEM7	1:1	1091889
Q5SKH8_THET8	E6SIG5_THEM7	1:1	
Q5SKH7_THET8	E6SLF6_THEM7	1:1	1095631
Q5SKH5_THET8	E6SG75_THEM7	1:1	
Q5SKH4_THET8	E6SLF7_THEM7	1:1	
Q5SKH1_THET8	E6SH75_THEM7	1:1	
Q5SKG9	E6SIE4_THEM7	1:m	
Q5SKG9	E6SJ40_THEM7	1:m	
Q5SKG7	E6SIE5_THEM7	1:1	
Q5SKG6_THET8	E6SIE6_THEM7	1:1	
Q5SKG4_THET8	E6SHJ4_THEM7	1:m	
Q5SKG4_THET8	E6SJ41_THEM7	1:m	
Q5SKG3_THET8	E6SJ37_THEM7	1:1	
Q5SKF8_THET8	E6SGQ9_THEM7	n:m	
Q5SKF8_THET8	E6SIN9_THEM7	n:m	
Q5SKF8_THET8	E6SJ45_THEM7	n:m	
Q5SKF4_THET8	E6SGQ5_THEM7	1:1	
Q5SKF3_THET8	E6SG97_THEM7	1:1	
Q5SKF2_THET8	E6SG96_THEM7	1:1	630819
Q5SKF0_THET8	E6SGK7_THEM7	n:m	
Q5SKF0_THET8	E6SI78_THEM7	n:m	
Q5SKF0_THET8	E6SIJ7_THEM7	n:m	
Q5SKF0_THET8	E6SM82_THEM7	n:m	
Q5SKF0_THET8	E6SHN0_THEM7	n:m	
Q5SKF0_THET8	E6SIA0_THEM7	n:m	
Q5SKE9_THET8	E6SH13_THEM7	n:m	
Q5SKE9_THET8	E6SHD4_THEM7	n:m	
Q5SKE9_THET8	E6SHS2_THEM7	n:m	
Q5SKE9_THET8	E6SLX7_THEM7	n:m	
Q5SKE3_THET8	E6SJR7_THEM7	1:1	
P48514	E6SJR6_THEM7	1:1	1095269
Q5SKD9	E6SH21_THEM7	1:1	1114142
Q5SKD8_THET8	E6SM45_THEM7	1:m	
Q5SKD8_THET8	E6SJI0_THEM7	1:m	
Q5SKD7_THET8	E6SHG1_THEM7	1:1	
Q5SKD6	E6SH22_THEM7	1:1	1114035
P54263	E6SK23_THEM7	1:1	1054325
Q5SKD4_THET8	E6SLP0_THEM7	1:m	
Q5SKD4_THET8	E6SGS4_THEM7	1:m	
Q5SKD2	E6SLC2_THEM7	1:1	1054323
P56194	E6SLC3_THEM7	1:1	1112128
Q5SKC7_THET8	E6SGP3_THEM7	1:1	714103
Q5SKC6_THET8	E6SGP2_THEM7	1:1	
Q5SMF6	E6SHK0_THEM7	1:1	1111872
Q5SMF3_THET8	E6SMG7_THEM7	1:m	
Q5SMF3_THET8	E6SLX4_THEM7	1:m	1089446
Q5SKB1_THET8	E6SK08_THEM7	1:m	
Q5SKB1_THET8	E6SKS0_THEM7	1:m	
Q5SKA7	E6SKB1_THEM7	1:1	851648
Q5SKA5_THET8	E6SGN2_THEM7	1:1	
Q5SKA2_THET8	E6SLW6_THEM7	1:1	825733
Q5SKA1_THET8	E6SLW5_THEM7	n:1	
Q5SKA0_THET8	E6SLW4_THEM7	n:1	
Q5SK98_THET8	E6SGK7_THEM7	n:m	
Q5SK98_THET8	E6SI78_THEM7	n:m	
Q5SK98_THET8	E6SIJ7_THEM7	n:m	
Q5SK98_THET8	E6SM82_THEM7	n:m	
Q5SK98_THET8	E6SHN0_THEM7	n:m	
Q5SK98_THET8	E6SIA0_THEM7	n:m	
Q5SK93_THET8	E6SGC8_THEM7	1:1	1079768
Q5SK89	E6SLV0_THEM7	1:1	
Q5SK88	E6SML4_THEM7	1:1	839985
Q5SK86_THET8	E6SGK7_THEM7	n:m	
Q5SK86_THET8	E6SI78_THEM7	n:m	
Q5SK86_THET8	E6SIJ7_THEM7	n:m	
Q5SK86_THET8	E6SM82_THEM7	n:m	
Q5SK86_THET8	E6SHN0_THEM7	n:m	
Q5SK86_THET8	E6SIA0_THEM7	n:m	
Q5SK85_THET8	E6SHP0_THEM7	1:1	1014120
Q5SK84_THET8	E6SHP1_THEM7	1:1	840262
Q5SK83_THET8	E6SLJ8_THEM7	1:1	
Q5SK69	E6SJH3_THEM7	1:1	
Q5SK67	E6SJH7_THEM7	1:1	1043574
Q5SK65	E6SJ80_THEM7	1:1	1032667
Q5SMG7_THET8	E6SM50_THEM7	n:m	
Q5SMG7_THET8	E6SHV5_THEM7	n:m	
Q5SMG6_THET8	E6SM22_THEM7	1:1	
Q5SK63_THET8	E6SI69_THEM7	1:1	
Q5SK60_THET8	E6SKN7_THEM7	1:1	798958
Q5SK58	E6SHT5_THEM7	1:1	1085699
Q5SK57_THET8	E6SIG9_THEM7	1:1	1018833
Q5SK53_THET8	E6SM16_THEM7	1:1	1006648
Q5SK50_THET8	E6SHQ2_THEM7	1:1	769590
Q5SK43_THET8	E6SMA6_THEM7	1:1	
Q5SK42_THET8	E6SJ68_THEM7	1:1	
Q5SK41_THET8	E6SMP0_THEM7	1:1	
Q5SK40_THET8	E6SMN8_THEM7	1:1	1114175
Q5SK38_THET8	E6SIG4_THEM7	1:m	
Q5SK38_THET8	E6SJU3_THEM7	1:m	
Q5SK33_THET8	E6SGL5_THEM7	1:1	
Q5SK32_THET8	E6SGL6_THEM7	1:1	989904
Q5SK31	E6SIW4_THEM7	1:1	1111594
Q5SK27_THET8	E6SK72_THEM7	1:1	822331
Q5SK19_THET8	E6SKN9_THEM7	1:1	1024067
Q5SK18_THET8	E6SJK5_THEM7	1:1	
Q5SK17_THET8	E6SM50_THEM7	n:m	
Q5SK17_THET8	E6SHV5_THEM7	n:m	744928
Q5SK14_THET8	E6SM43_THEM7	1:m	1054317
Q5SK14_THET8	E6SKB2_THEM7	1:m	
Q5SK13_THET8	E6SM46_THEM7	1:1	
Q5SK11_THET8	E6SG82_THEM7	1:1	1045555
Q5SK10_THET8	E6SG81_THEM7	1:1	1067757
Q5SK09_THET8	E6SG83_THEM7	1:1	
Q5SK02_THET8	E6SJD8_THEM7	1:1	
Q5SK01	E6SJA6_THEM7	1:1	741667
Q5SK00_THET8	E6SMR0_THEM7	1:1	
Q5SJZ8_THET8	E6SKQ9_THEM7	1:1	
Q5SJZ7_THET8	E6SJR1_THEM7	1:1	1109882
Q5SJZ6	E6SJR0_THEM7	1:1	1114962
Q9WX76	E6SJQ6_THEM7	1:1	1111969
P43891	E6SJQ5_THEM7	1:1	1092201
P43895	E6SJQ4_THEM7	1:1	1095162
P80371	E6SJQ3_THEM7	1:1	1099008
Q5SJZ0_THET8	E6SH27_THEM7	n:m	
Q5SJZ0_THET8	E6SLG7_THEM7	n:m	1059974
Q5SJY9_THET8	E6SKQ3_THEM7	n:1	
Q5SJY7_THET8	E6SK61_THEM7	1:1	604353
Q84FH6	E6SM18_THEM7	1:1	1088448
Q5SJY0_THET8	E6SK68_THEM7	1:1	
Q5SJX9_THET8	E6SGX1_THEM7	1:1	
Q5SJX8_THET8	E6SGX2_THEM7	1:1	1050835
Q5SJX7	E6SKE7_THEM7	1:1	1077097
Q9LCX4	E6SMG4_THEM7	1:1	
Q5SJX5_THET8	E6SHG3_THEM7	1:1	990410
Q5SJX0_THET8	E6SL77_THEM7	1:1	
Q5SJW2_THET8	E6SJ83_THEM7	1:1	990394
Q5SJW1_THET8	E6SJ84_THEM7	1:1	
Q5SJW0_THET8	E6SJ85_THEM7	1:1	1067798
Q5SJV9	E6SLE9_THEM7	1:1	
Q5SJV8	E6SJB2_THEM7	1:1	1100024
Q5SJV6_THET8	E6SJA5_THEM7	1:1	1093559
Q5SJV3_THET8	E6SJD9_THEM7	1:1	851665
Q8RR57	E6SKU0_THEM7	1:1	1115379
Q5SMF9_THET8	E6SH23_THEM7	1:1	
Q5SMF8_THET8	E6SKU8_THEM7	1:1	
P09403	E6SKU7_THEM7	1:1	
Q5SJV0_THET8	E6SGN5_THEM7	1:1	
Q5SJU9_THET8	E6SH27_THEM7	n:m	
Q5SJU9_THET8	E6SLG7_THEM7	n:m	
Q5SJU8_THET8	E6SKU1_THEM7	1:1	851661
Q5SJT3_THET8	E6SLJ3_THEM7	1:1	
Q56416	E6SGK3_THEM7	1:1	1097403
Q5SJT0_THET8	E6SJB9_THEM7	1:1	1104044
Q5SJS9	E6SJC0_THEM7	1:1	1040062
Q5SJS8_THET8	E6SMN9_THEM7	1:1	807533
Q5SJS4	E6SKV0_THEM7	1:1	1059968
Q5SJS0_THET8	E6SHI6_THEM7	n:1	634206
Q5SJR9_THET8	E6SHI7_THEM7	1:1	
Q5SJR7_THET8	E6SI59_THEM7	n:m	
Q5SJR7_THET8	E6SLX1_THEM7	n:m	
Q5SJR7_THET8	E6SH62_THEM7	n:m	
Q5SJR7_THET8	E6SHJ2_THEM7	n:m	
Q5SJR7_THET8	E6SHN5_THEM7	n:m	
Q5SJR7_THET8	E6SIR7_THEM7	n:m	
Q5SJR1	E6SKU6_THEM7	1:1	
Q5SJQ9	E6SLC4_THEM7	1:1	1062286
Q5SJQ6_THET8	E6SH07_THEM7	1:1	851797
Q5SJQ1	E6SIB1_THEM7	1:1	
Q5SJQ0_THET8	E6SIB0_THEM7	1:1	
Q5SJP9_THET8	E6SIA9_THEM7	1:1	
Q5SJP8	E6SIA8_THEM7	1:1	
Q5SJP7	E6SL35_THEM7	n:m	1021421
Q5SJP7	E6SI16_THEM7	n:m	
Q5SJP6_THET8	E6SIA7_THEM7	1:1	814745
Q5SJP1_THET8	E6SLA6_THEM7	1:1	1006946
Q5SJN9_THET8	E6SJY1_THEM7	1:1	1102923
Q5SJN6_THET8	E6SJY4_THEM7	1:1	1091674
Q5SJN5_THET8	E6SJY5_THEM7	1:1	1033612
Q5SJN4_THET8	E6SG64_THEM7	1:m	
Q5SJN4_THET8	E6SJM2_THEM7	1:m	
Q5SJN4_THET8	E6SKQ0_THEM7	1:m	
Q5SJN3_THET8	E6SI46_THEM7	1:1	
Q5SJN1_THET8	E6SIP0_THEM7	n:m	
Q5SJN1_THET8	E6SJ46_THEM7	n:m	
Q5SJM8_THET8	E6SJ08_THEM7	1:1	1002923
Q5SJM7_THET8	E6SHQ3_THEM7	1:1	
Q5SJM2_THET8	E6SJ22_THEM7	1:1	
Q5SJM1_THET8	E6SJX7_THEM7	1:1	1099675
Q5SJL2_THET8	E6SI93_THEM7	1:1	
Q5SJK6_THET8	E6SHG7_THEM7	n:m	
Q5SJK6_THET8	E6SII0_THEM7	n:m	
Q5SJK6_THET8	E6SMB0_THEM7	n:m	
Q5SJK6_THET8	E6SGW2_THEM7	n:m	
Q5SJK6_THET8	E6SH60_THEM7	n:m	
Q5SJK6_THET8	E6SH80_THEM7	n:m	
Q5SJK6_THET8	E6SJY9_THEM7	n:m	
Q5SJK5_THET8	E6SH61_THEM7	1:1	
Q5SJK2_THET8	E6SLX5_THEM7	1:m	
Q5SJK2_THET8	E6SJ54_THEM7	1:m	852221
Q5SJK1_THET8	E6SJ55_THEM7	1:1	
Q5SJK0_THET8	E6SJ53_THEM7	1:1	
Q5SJJ2_THET8	E6SIC4_THEM7	1:1	
Q5SJI1_THET8	E6SKE9_THEM7	1:1	
Q5SJI0_THET8	E6SJF3_THEM7	1:1	842103
Q5SJH8_THET8	E6SL96_THEM7	n:m	
Q5SJH8_THET8	E6SMC6_THEM7	n:m	
Q5SJH8_THET8	E6SJW5_THEM7	n:m	
P60490	E6SJE7_THEM7	1:1	1115173
Q5SJH6	E6SJE6_THEM7	1:1	1078154
Q5SJH4_THET8	E6SJE4_THEM7	1:1	
Q5SJH3	E6SJE3_THEM7	1:1	851684
Q5SJH2_THET8	E6SJE2_THEM7	1:1	851650
Q5SJH1_THET8	E6SGX3_THEM7	1:1	782714
Q5SJH0_THET8	E6SLS1_THEM7	1:1	1109738
Q5SJG9_THET8	E6SLS2_THEM7	n:1	
Q5SJG8_THET8	E6SGX7_THEM7	1:1	1056969
P41255	E6SLK3_THEM7	1:1	1054324
Q5SJG2_THET8	E6SK94_THEM7	1:1	
Q5SJG0	E6SK98_THEM7	1:1	1008387
Q5SJF9_THET8	E6SK99_THEM7	1:1	1105899
Q5SJF8	E6SM14_THEM7	1:1	1071744
P52028	E6SGJ7_THEM7	1:1	
Q5SMH3_THET8	E6SK01_THEM7	1:1	
Q5SMH2	E6SM33_THEM7	1:1	1039133
Q5SMH0	E6SIX2_THEM7	1:1	815726
Q5SMG8	E6SM20_THEM7	1:m	
Q5SMG8	E6SK88_THEM7	1:m	812653
Q5SJF0_THET8	E6SJ49_THEM7	1:1	1071959
Q5SJE8	E6SLK8_THEM7	1:1	1061687
P56690	E6SJ04_THEM7	1:1	604881
Q5SJE6_THET8	E6SL69_THEM7	1:1	779674
Q5SJE5_THET8	E6SLZ9_THEM7	1:1	1093830
Q5SJE4_THET8	E6SM00_THEM7	1:1	851903
Q5SJE2	E6SJV8_THEM7	1:1	
Q5SJE1	E6SLL1_THEM7	1:1	691756
Q5SJD9	E6SIY0_THEM7	1:1	
Q5SJD8	E6SIY1_THEM7	1:1	1085811
Q5SJD5_THET8	E6SIY5_THEM7	1:1	
Q5SJD3_THET8	E6SIY6_THEM7	1:1	851649
Q5SJD2	E6SG60_THEM7	1:1	
Q5SJD1_THET8	E6SIY7_THEM7	n:m	
Q5SJD1_THET8	E6SKD2_THEM7	n:m	
Q5SJC9_THET8	E6SMD6_THEM7	1:1	667486
Q5SJC8	E6SIY9_THEM7	1:1	
Q5SJC5_THET8	E6SIZ1_THEM7	1:1	1113449
Q5SJC4	E6SIW6_THEM7	1:1	1094510
Q5SJC0	E6SMS1_THEM7	1:1	
Q5SJB9	E6SMS2_THEM7	1:1	1077767
P26996	E6SMF1_THEM7	1:1	1109484
Q5SJB6_THET8	E6SM69_THEM7	1:1	
Q5SJB5_THET8	E6SM70_THEM7	1:1	851870
Q5SJB1_THET8	E6SH15_THEM7	1:1	
Q5SJB0_THET8	E6SHY9_THEM7	1:1	
Q5SJA1	E6SLT2_THEM7	1:1	1081124
Q5SJ97_THET8	E6SGW8_THEM7	1:1	
Q5SJ95_THET8	E6SHJ0_THEM7	1:1	
Q5SJ94	E6SKS7_THEM7	1:1	1111808
Q5SJ91_THET8	E6SKW5_THEM7	1:1	
Q76G20	E6SL68_THEM7	1:1	1115242
Q5SJ88_THET8	E6SLK1_THEM7	1:1	1085447
Q5SJ85	E6SLH5_THEM7	1:1	1098777
Q5SJ84_THET8	E6SMG2_THEM7	1:1	
Q5SJ80	E6SM52_THEM7	1:1	777387
Q5SJ79	E6SM53_THEM7	1:1	1006965
Q5SJ76	E6SJS5_THEM7	1:1	1111777
Q5SJ75	E6SJS6_THEM7	1:1	1115311
Q5SJ74_THET8	E6SK09_THEM7	1:1	
Q5SJ73_THET8	E6SJ94_THEM7	1:1	
Q5SJ70_THET8	E6SK20_THEM7	n:m	
Q5SJ70_THET8	E6SLR9_THEM7	n:m	1067788
Q5SJ69_THET8	E6SGQ1_THEM7	1:m	
Q5SJ69_THET8	E6SKM5_THEM7	1:m	
Q5SJ68_THET8	E6SGW7_THEM7	1:1	
Q5SJ66_THET8	E6SIX6_THEM7	1:1	1080756
Q5SJ65	E6SH33_THEM7	1:1	1108010
Q5SJ64_THET8	E6SIV8_THEM7	1:1	803938
Q5SJ61_THET8	E6SH53_THEM7	1:1	
Q5SJ59_THET8	E6SH48_THEM7	1:1	
Q5SJ58	E6SH72_THEM7	1:1	
Q5SJ57_THET8	E6SJV1_THEM7	1:1	
Q5SJ56_THET8	E6SJU9_THEM7	1:1	832137
Q5SJ55_THET8	E6SMQ6_THEM7	1:1	
Q5SJ53_THET8	E6SJI4_THEM7	n:1	852401
Q5SJ50_THET8	E6SGB4_THEM7	1:1	1098280
Q5SJ49	E6SHE9_THEM7	1:1	1095575
Q5SJ45	E6SKE3_THEM7	1:1	604880
Q5SJ44_THET8	E6SGU5_THEM7	1:1	
Q5SJ43_THET8	E6SGU6_THEM7	1:1	
Q5SJ37_THET8	E6SGQ2_THEM7	1:1	1108641
Q5SJ31_THET8	E6SLH8_THEM7	1:1	
Q5SJ29_THET8	E6SJG6_THEM7	1:1	1110876
Q5SJ28	E6SLB6_THEM7	1:1	
Q5SJ26	E6SKE1_THEM7	1:1	1107664
Q5SJ25_THET8	E6SKD8_THEM7	1:1	1018056
Q5SJ23_THET8	E6SIY3_THEM7	1:m	1100393
Q5SJ23_THET8	E6SKD6_THEM7	1:m	
Q5SJ21_THET8	E6SJZ5_THEM7	1:1	1085394
Q5SJ18	E6SH25_THEM7	1:1	1111716
Q5SJ17_THET8	E6SH24_THEM7	1:1	1113833
Q5SJ15_THET8	E6SH28_THEM7	1:1	
Q5SJ14_THET8	E6SMB6_THEM7	1:m	825887
Q5SJ14_THET8	E6SK78_THEM7	1:m	
Q5SJ11	E6SKL3_THEM7	1:1	1080554
Q5SJ09_THET8	E6SI59_THEM7	n:m	
Q5SJ09_THET8	E6SLX1_THEM7	n:m	
Q5SJ09_THET8	E6SH62_THEM7	n:m	
Q5SJ09_THET8	E6SHJ2_THEM7	n:m	
Q5SJ09_THET8	E6SHN5_THEM7	n:m	
Q5SJ09_THET8	E6SIR7_THEM7	n:m	
Q5SJ06_THET8	E6SMQ1_THEM7	1:1	1016550
Q5SJ05_THET8	E6SIT9_THEM7	1:1	
Q5SJ04_THET8	E6SHZ5_THEM7	1:1	1016547
Q5SJ03	E6SHZ4_THEM7	1:1	1113820
Q5SJ02_THET8	E6SHZ3_THEM7	1:1	
Q5SJ01_THET8	E6SI00_THEM7	1:1	
Q5SIZ9_THET8	E6SIJ8_THEM7	1:1	838166
Q5SIY7_THET8	E6SJF5_THEM7	1:1	1106022
Q5SIY4	E6SHZ8_THEM7	1:1	
Q5SIY0	E6SHZ9_THEM7	1:1	
Q5SIX4_THET8	E6SGY8_THEM7	1:1	
Q5SIX3_THET8	E6SIY7_THEM7	n:m	
Q5SIX3_THET8	E6SKD2_THEM7	n:m	
Q5SIX1_THET8	E6SKD4_THEM7	1:1	851677
Q5SIW8_THET8	E6SLS2_THEM7	n:1	1110441
Q5SIW6	E6SGL7_THEM7	1:1	
Q5SIW4_THET8	E6SGE4_THEM7	1:1	
Q5SIW3	E6SLZ6_THEM7	1:1	1064662
Q5SIW2	E6SM64_THEM7	1:1	1022663
Q5SIV7_THET8	E6SK28_THEM7	1:1	1097643
Q5SIV1_THET8	E6SL47_THEM7	1:1	
Q5SIV0_THET8	E6SJS7_THEM7	n:1	849099
Q5SIU9_THET8	E6SJS7_THEM7	n:1	
Q5SIU8_THET8	E6SJB5_THEM7	1:1	851668
Q56404	E6SLM5_THEM7	1:m	
Q56404	E6SLM7_THEM7	1:m	
Q5SIT4_THET8	E6SMR3_THEM7	1:1	
Q5SIT1	E6SHY5_THEM7	1:1	650073
Q5SIS8_THET8	E6SHS0_THEM7	1:m	
Q5SIS8_THET8	E6SI27_THEM7	1:m	
Q5SIS8_THET8	E6SI36_THEM7	1:m	851678
Q5SIS2_THET8	E6SHB2_THEM7	1:1	
Q5SIS0_THET8	E6SLQ5_THEM7	1:1	1097705
Q5SIR9_THET8	E6SLZ8_THEM7	n:m	
Q5SIR9_THET8	E6SGF7_THEM7	n:m	
Q5SIR8_THET8	E6SM01_THEM7	1:1	
P23395	E6SL06_THEM7	1:1	1096611
Q5SIR4_THET8	E6SMK2_THEM7	1:1	851692
Q5SIR1_THET8	E6SM71_THEM7	1:1	
Q5SMF2_THET8	E6SGC1_THEM7	1:1	
Q5SME9	E6SK45_THEM7	1:1	
Q5SIQ6_THET8	E6SLL7_THEM7	1:1	851709
Q5SIQ5_THET8	E6SLL8_THEM7	1:1	715233
Q5SIQ4_THET8	E6SMR5_THEM7	1:1	
Q5SIP9_THET8	E6SGB8_THEM7	1:m	
Q5SIP9_THET8	E6SLI0_THEM7	1:m	
Q9RA54	E6SK47_THEM7	1:1	993596
Q56239	E6SK46_THEM7	1:1	1112473
Q5SIP0	E6SHP8_THEM7	1:1	
Q5SIN9_THET8	E6SHD0_THEM7	1:m	
Q5SIN9_THET8	E6SHS6_THEM7	1:m	752757
Q5SIN9_THET8	E6SLY1_THEM7	1:m	
Q5SIN8_THET8	E6SHD1_THEM7	1:m	
Q5SIN8_THET8	E6SHS5_THEM7	1:m	851859
Q5SIN8_THET8	E6SLY0_THEM7	1:m	
Q5SIN7_THET8	E6SHD2_THEM7	n:m	
Q5SIN7_THET8	E6SHS4_THEM7	n:m	
Q5SIN7_THET8	E6SLX9_THEM7	n:m	855422
Q5SIN5_THET8	E6SHD3_THEM7	1:m	
Q5SIN5_THET8	E6SHS3_THEM7	1:m	
Q5SIN4_THET8	E6SH13_THEM7	n:m	
Q5SIN4_THET8	E6SHD4_THEM7	n:m	
Q5SIN4_THET8	E6SHS2_THEM7	n:m	851855
Q5SIN4_THET8	E6SLX7_THEM7	n:m	
Q5SIN3_THET8	E6SI21_THEM7	1:1	
Q5SIN2_THET8	E6SI84_THEM7	1:m	843636
Q5SIN2_THET8	E6SI20_THEM7	1:m	
Q5SIN1_THET8	E6SMF9_THEM7	n:m	
Q5SIN1_THET8	E6SM90_THEM7	n:m	
Q5SIN1_THET8	E6SGC6_THEM7	n:m	
Q5SIN1_THET8	E6SI19_THEM7	n:m	
Q5SIN1_THET8	E6SIT4_THEM7	n:m	
Q5SIM9_THET8	E6SMD8_THEM7	n:1	
Q5SIM8_THET8	E6SM74_THEM7	1:1	
Q5SIM7_THET8	E6SM73_THEM7	1:1	
Q5SIM6_THET8	E6SLW3_THEM7	1:1	
Q5SIM1_THET8	E6SKL7_THEM7	1:1	
P19436	E6SL26_THEM7	1:1	1030195
Q5SIL8_THET8	E6SMD1_THEM7	1:1	1076355
Q5SIL7_THET8	E6SL96_THEM7	n:m	852102
Q5SIL7_THET8	E6SMC6_THEM7	n:m	
Q5SIL7_THET8	E6SJW5_THEM7	n:m	
Q5SIL5	E6SM11_THEM7	1:1	1078103
Q5SIL4	E6SKE5_THEM7	1:1	1112307
Q5SIK7_THET8	E6SHG7_THEM7	n:m	
Q5SIK7_THET8	E6SII0_THEM7	n:m	
Q5SIK7_THET8	E6SMB0_THEM7	n:m	
Q5SIK7_THET8	E6SGW2_THEM7	n:m	
Q5SIK7_THET8	E6SH60_THEM7	n:m	
Q5SIK7_THET8	E6SH80_THEM7	n:m	
Q5SIK7_THET8	E6SJY9_THEM7	n:m	
Q5SIK4_THET8	E6SHN1_THEM7	1:1	1055609
Q5SIK0_THET8	E6SJI4_THEM7	n:1	
Q5SIJ6_THET8	E6SG74_THEM7	1:1	
Q5SIJ5	E6SLJ9_THEM7	1:1	1103841
Q5SIJ3_THET8	E6SLQ7_THEM7	1:1	
Q5SIJ1	E6SKR8_THEM7	n:1	
Q5SII5	E6SM13_THEM7	1:1	
Q5SII1	E6SM54_THEM7	1:1	
Q5SII0_THET8	E6SJ23_THEM7	1:1	
Q5SIH8_THET8	E6SKL4_THEM7	1:1	1108859
Q5SIH7	E6SHS8_THEM7	1:m	725730
Q5SIH7	E6SHY6_THEM7	1:m	
Q5SIH6_THET8	E6SM55_THEM7	1:1	
Q5SIH5	E6SHW3_THEM7	1:1	1113014
P80380	E6SKB5_THEM7	1:1	1109588
Q5SIH0	E6SIW1_THEM7	1:1	
Q5SIG5_THET8	E6SJK6_THEM7	1:1	852017
Q5SIG4	E6SLT7_THEM7	1:1	
Q5SIG3_THET8	E6SLT4_THEM7	1:1	754596
Q5SIG1_THET8	E6SLZ8_THEM7	n:m	
Q5SIG1_THET8	E6SGF7_THEM7	n:m	
Q5SIG0_THET8	E6SJI8_THEM7	1:1	677845
Q5SIF7_THET8	E6SJG3_THEM7	1:1	677328
Q5SIE9_THET8	E6SGM1_THEM7	1:1	
Q5SIE7_THET8	E6SMF0_THEM7	1:1	784207
Q5SIE5_THET8	E6SJ86_THEM7	1:m	707236
Q5SIE5_THET8	E6SI99_THEM7	1:m	
Q5SIE4_THET8	E6SGW9_THEM7	n:m	
Q5SIE4_THET8	E6SM97_THEM7	n:m	
Q5SIE0_THET8	E6SH14_THEM7	n:m	
Q5SIE0_THET8	E6SMM9_THEM7	n:m	
Q5SIE0_THET8	E6SGE3_THEM7	n:m	
Q5SID8_THET8	E6SLZ8_THEM7	n:m	
Q5SID8_THET8	E6SGF7_THEM7	n:m	
Q5SID7	E6SGG9_THEM7	n:1	791820
Q56242	E6SM04_THEM7	1:1	828571
Q5SID2	E6SJM1_THEM7	1:1	1078769
Q7SIB9	E6SHE8_THEM7	1:1	1095576
Q5SIC9_THET8	E6SHE7_THEM7	1:1	782453
Q5SIC8_THET8	E6SGN9_THEM7	1:1	1095703
Q5SIC5_THET8	E6SL07_THEM7	1:1	1065156
Q5SIC1_THET8	E6SL44_THEM7	1:1	1042487
Q5SIC0_THET8	E6SL43_THEM7	1:1	807204
Q5SIB9_THET8	E6SL42_THEM7	1:1	774945
Q5SIB8_THET8	E6SL41_THEM7	1:1	
Q5SIB5_THET8	E6SI59_THEM7	n:m	
Q5SIB5_THET8	E6SLX1_THEM7	n:m	
Q5SIB5_THET8	E6SH62_THEM7	n:m	
Q5SIB5_THET8	E6SHJ2_THEM7	n:m	
Q5SIB5_THET8	E6SHN5_THEM7	n:m	
Q5SIB5_THET8	E6SIR7_THEM7	n:m	
Q5SIB1_THET8	E6SGW9_THEM7	n:m	
Q5SIB1_THET8	E6SM97_THEM7	n:m	
P80374	E6SKW6_THEM7	1:1	993678
P60488	E6SKW7_THEM7	1:1	1115382
Q5SIA8	E6SLH3_THEM7	1:1	1114224
Q5SIA6_THET8	E6SHQ5_THEM7	1:1	828418
Q5SIA4_THET8	E6SLI5_THEM7	1:1	700611
Q5SIA2_THET8	E6SMI4_THEM7	1:1	
Q5SIA0_THET8	E6SLA2_THEM7	1:1	634735
Q5SI99_THET8	E6SK18_THEM7	1:1	677251
Q9RA63	E6SLG0_THEM7	1:1	1098297
Q56237	E6SKA6_THEM7	n:1	
Q56235	E6SKA7_THEM7	1:1	851655
Q5SI82	E6SLJ2_THEM7	1:1	
Q5SI80_THET8	E6SLH2_THEM7	1:1	841213
Q5SI78_THET8	E6SJJ0_THEM7	1:1	1098776
Q5SI77_THET8	E6SK76_THEM7	1:1	
Q5SI75_THET8	E6SMK0_THEM7	1:m	
Q5SI75_THET8	E6SIR0_THEM7	1:m	1054465
Q5SI72_THET8	E6SHG7_THEM7	n:m	
Q5SI72_THET8	E6SII0_THEM7	n:m	
Q5SI72_THET8	E6SMB0_THEM7	n:m	
Q5SI72_THET8	E6SGW2_THEM7	n:m	
Q5SI72_THET8	E6SH60_THEM7	n:m	
Q5SI72_THET8	E6SH80_THEM7	n:m	
Q5SI72_THET8	E6SJY9_THEM7	n:m	
Q5SI71_THET8	E6SII1_THEM7	1:1	
Q5SI68	E6SLS7_THEM7	1:1	1111748
Q5SI61_THET8	E6SMP7_THEM7	1:1	1102970
Q5SI59_THET8	E6SMP6_THEM7	1:1	790460
Q5SI57	E6SMP4_THEM7	1:1	1094294
Q5SMH8	E6SMP3_THEM7	1:1	
Q5SMH7_THET8	E6SMP2_THEM7	1:1	1114021
Q5SI56	E6SIG6_THEM7	1:1	1110288
Q5SI55_THET8	E6SKR4_THEM7	1:1	1115055
Q5SI54_THET8	E6SK21_THEM7	1:1	
Q5SI53_THET8	E6SK58_THEM7	1:1	
P33197	E6SKR8_THEM7	n:1	
Q5SI34_THET8	E6SMR2_THEM7	1:1	
Q5SI33_THET8	E6SK40_THEM7	1:1	
Q5SI32	E6SM07_THEM7	1:1	1112370
Q5SI31_THET8	E6SL20_THEM7	n:1	1084668
Q5SI28	E6SME7_THEM7	1:1	758344
Q5SI23_THET8	E6SML1_THEM7	1:1	1080755
Q5SI21	E6SKR5_THEM7	1:1	1030915
Q5SI20_THET8	E6SJA2_THEM7	1:1	1094696
Q5SI18	E6SJA0_THEM7	1:1	1063871
Q5SI15_THET8	E6SLN0_THEM7	1:1	1063232
Q5SI14	E6SK29_THEM7	1:1	1081071
Q5SI13_THET8	E6SGG9_THEM7	n:1	
Q5SI08_THET8	E6SI50_THEM7	1:1	
Q5SI05_THET8	E6SHV8_THEM7	1:1	
Q5SI04_THET8	E6SLV6_THEM7	1:1	
Q5SI02_THET8	E6SKV3_THEM7	1:1	604369
Q5SI01_THET8	E6SHE6_THEM7	1:1	1102396
Q5SI00_THET8	E6SHX6_THEM7	1:1	
Q5SHZ4	E6SK07_THEM7	1:1	1112306
Q5SHZ3	E6SKA3_THEM7	1:1	1041514
Q5SHZ2	E6SL22_THEM7	1:1	1037071
Q5SHZ1	E6SL21_THEM7	1:1	1064408
Q5SHY7_THET8	E6SH57_THEM7	1:1	
Q5SHY5_THET8	E6SJA8_THEM7	n:1	
Q5SHY3_THET8	E6SLR4_THEM7	1:1	
Q5SHY2_THET8	E6SLS3_THEM7	1:1	1113626
Q5SHY1	E6SKZ6_THEM7	1:1	1092343
Q5SHY0	E6SKZ7_THEM7	1:1	1115261
Q5SHX3	E6SL01_THEM7	1:1	1053911
Q5SHW5_THET8	E6SLK0_THEM7	1:1	
Q5SHW3_THET8	E6SKA2_THEM7	1:1	1088593
Q5SHV9_THET8	E6SHB8_THEM7	1:1	
Q5SHV7_THET8	E6SHH7_THEM7	1:1	707228
Q5SHV2_THET8	E6SGY5_THEM7	1:1	634350
Q5SHV1_THET8	E6SGY7_THEM7	1:1	
Q5SHU9	E6SKW8_THEM7	1:1	1101104
Q5SHU8_THET8	E6SMF9_THEM7	n:m	
Q5SHU8_THET8	E6SM90_THEM7	n:m	
Q5SHU8_THET8	E6SGC6_THEM7	n:m	
Q5SHU8_THET8	E6SI19_THEM7	n:m	
Q5SHU8_THET8	E6SIT4_THEM7	n:m	
Q5SHU7_THET8	E6SMF8_THEM7	n:m	
Q5SHU7_THET8	E6SHV4_THEM7	n:m	
Q5SHU7_THET8	E6SGC5_THEM7	n:m	
Q5SHU5_THET8	E6SMQ2_THEM7	1:1	992963
Q5SHU3_THET8	E6SL20_THEM7	n:1	
Q5SHT8	E6SLP6_THEM7	1:1	1105217
Q5SHT5	E6SIV9_THEM7	1:1	1112474
Q5SHS6	E6SKT7_THEM7	1:1	
Q5SHS5_THET8	E6SM29_THEM7	1:m	1102245
Q5SHS5_THET8	E6SKS4_THEM7	1:m	
Q5SHS3	E6SM30_THEM7	1:1	
Q5SHR9_THET8	E6SMJ3_THEM7	n:m	
Q5SHR9_THET8	E6SHF6_THEM7	n:m	
Q9Z9H5	E6SKX2_THEM7	1:1	
Q5SHR6	E6SKX3_THEM7	1:1	1115356
P80373	E6SML3_THEM7	1:1	
P80376	E6SKX4_THEM7	1:1	1057304
P80377	E6SKX5_THEM7	1:1	1053188
Q5SHR1	E6SKX7_THEM7	1:1	1115252
Q5SHR0_THET8	E6SKX9_THEM7	1:1	1112395
Q5SHQ9	E6SKY0_THEM7	1:1	1112715
Q5SHQ8	E6SKY1_THEM7	1:1	1111635
Q5SHQ7	E6SKY2_THEM7	1:1	1038218
Q5SHQ5	E6SKY3_THEM7	1:1	1112182
Q5SHQ4	E6SKY4_THEM7	1:1	1111852
P0DOY8	E6SKY5_THEM7	1:1	1096471
P0DOY9	E6SKY6_THEM7	1:1	1112569
P0DOY6	E6SKY7_THEM7	1:1	
Q5SHQ0	E6SKY8_THEM7	1:1	1113649
Q5SHP9	E6SKY9_THEM7	1:1	1109610
Q5SHP8	E6SKZ0_THEM7	1:1	1114514
P0DOY7	E6SKZ1_THEM7	1:1	1108402
Q5SHP6	E6SKZ2_THEM7	1:1	1032388
P60489	E6SKZ3_THEM7	1:1	1115423
P80372	E6SKZ4_THEM7	1:1	851647
Q5SHP3	E6SLC6_THEM7	1:1	1109511
Q5SHP2	E6SLC7_THEM7	1:1	1115365
P60405	E6SLC8_THEM7	1:1	1113959
Q5SHP0	E6SLC9_THEM7	1:1	1078821
Q5SHN9	E6SLD0_THEM7	1:1	1093561
Q5SHN8	E6SLD1_THEM7	1:1	1115404
Q5SHN7	E6SLD2_THEM7	1:1	1114442
Q5SHN6	E6SLE6_THEM7	n:1	
Q5SHN5	E6SLD3_THEM7	1:1	851654
P17291	E6SLD4_THEM7	1:1	1111540
Q5SHN3	E6SLD5_THEM7	1:1	1037757
Q5SHM7_THET8	E6SI80_THEM7	1:1	
Q5SHM3_THET8	E6SLV4_THEM7	1:1	
Q5SHL6	E6SGY0_THEM7	1:1	
Q5SHL5_THET8	E6SHP4_THEM7	1:1	
Q5SHL3_THET8	E6SLC5_THEM7	1:1	1072148
Q5SHL2_THET8	E6SGV4_THEM7	1:1	
Q5SHL0_THET8	E6SGT6_THEM7	1:m	
Q5SHL0_THET8	E6SGV6_THEM7	1:m	
Q5SHK8_THET8	E6SHG7_THEM7	n:m	
Q5SHK8_THET8	E6SII0_THEM7	n:m	
Q5SHK8_THET8	E6SMB0_THEM7	n:m	
Q5SHK8_THET8	E6SGW2_THEM7	n:m	
Q5SHK8_THET8	E6SH60_THEM7	n:m	
Q5SHK8_THET8	E6SH80_THEM7	n:m	
Q5SHK8_THET8	E6SJY9_THEM7	n:m	
Q5SHK7_THET8	E6SGW1_THEM7	1:1	
Q5SHK3_THET8	E6SGW6_THEM7	1:1	677851
Q5SHK2_THET8	E6SGV2_THEM7	1:1	
Q5SHK1_THET8	E6SH45_THEM7	1:1	
Q5SHJ7_THET8	E6SGV9_THEM7	1:1	689675
Q5SHJ5_THET8	E6SL37_THEM7	1:1	1042118
Q5SHJ4_THET8	E6SL36_THEM7	1:m	1011429
Q5SHJ4_THET8	E6SJF2_THEM7	1:m	
Q5SHI8	E6SJH1_THEM7	1:1	
Q5SHI6_THET8	E6SMD4_THEM7	1:1	
Q5SHI4	E6SJD1_THEM7	1:1	1094930
Q5SHI3_THET8	E6SLC1_THEM7	1:1	851667
Q5SHI2_THET8	E6SMB8_THEM7	1:1	1109327
Q5SHI1_THET8	E6SLJ7_THEM7	1:1	1054084
Q5SHI0_THET8	E6SHU4_THEM7	1:1	1004338
Q5SHH8_THET8	E6SIN5_THEM7	1:1	1023009
Q5SHH7_THET8	E6SIN6_THEM7	1:1	836641
Q5SHH5	E6SH27_THEM7	n:m	
Q5SHH5	E6SLG7_THEM7	n:m	
Q5SHH3	E6SMB5_THEM7	n:1	
Q5SHF9_THET8	E6SLB5_THEM7	1:1	1111035
Q5SHF7_THET8	E6SGN8_THEM7	1:1	
Q5SHF6_THET8	E6SHT2_THEM7	n:1	
Q5SHF5	E6SG80_THEM7	1:1	1102411
Q5SHF3_THET8	E6SKC0_THEM7	1:1	1095389
Q5SHF1_THET8	E6SKC2_THEM7	1:1	1009727
Q5SHF0	E6SKC3_THEM7	1:1	1114710
Q5SHE9	E6SKC4_THEM7	1:1	1114565
P60493	E6SKC6_THEM7	1:1	1111788
P60492	E6SKC8_THEM7	1:1	1077451
Q5SHE5_THET8	E6SJL2_THEM7	1:1	1107518
Q5SHE1_THET8	E6SME1_THEM7	1:1	1100756
Q5SHD9_THET8	E6SMN3_THEM7	1:1	997995
Q5SHD6	E6SMC0_THEM7	1:1	829672
Q5SHD4	E6SLU3_THEM7	1:1	1081616
Q5SHD0_THET8	E6SGM5_THEM7	1:1	839038
O50606	E6SGJ8_THEM7	1:1	
Q5SHC3_THET8	E6SI47_THEM7	n:1	
Q5SHC1_THET8	E6SHV1_THEM7	1:1	
Q8RQE8	E6SLD7_THEM7	1:1	1110963
Q8RQE9	E6SLD8_THEM7	1:1	1112635
Q5SHB5	E6SLN7_THEM7	1:1	746211
Q5SHB4_THET8	E6SKD9_THEM7	1:1	1073157
Q5SHB3	E6SK38_THEM7	1:1	843177
Q5SHB2	E6SK36_THEM7	1:1	1115295
Q5SHB0_THET8	E6SK33_THEM7	1:1	1050909
Q5SHA3_THET8	E6SIP0_THEM7	n:m	
Q5SHA3_THET8	E6SJ46_THEM7	n:m	
Q5SHA2_THET8	E6SLA0_THEM7	1:1	1023440
Q5SHA0_THET8	E6SIM3_THEM7	1:1	669577
P74941	E6SLA5_THEM7	1:1	1016298
Q5SH95_THET8	E6SMQ5_THEM7	1:1	
Q5SH94_THET8	E6SHZ1_THEM7	1:1	1097253
Q5SH92_THET8	E6SL39_THEM7	1:1	851673
Q5SH91_THET8	E6SJH0_THEM7	1:1	1113323
Q5SH90_THET8	E6SL38_THEM7	1:1	
Q5SH89_THET8	E6SJG9_THEM7	1:1	
Q5SH88	E6SGB5_THEM7	1:1	809591
P05379	E6SGB6_THEM7	1:1	
P05378	E6SGB7_THEM7	1:1	1019687
Q5SH78_THET8	E6SIM8_THEM7	1:1	835667
Q5SH77_THET8	E6SH89_THEM7	1:1	
Q5SH76_THET8	E6SLS8_THEM7	1:1	665693
Q5SH74_THET8	E6SM72_THEM7	1:1	851937
Q5SH69_THET8	E6SK60_THEM7	n:1	
P56881	E6SIU5_THEM7	1:1	
Q5SH53_THET8	E6SIP2_THEM7	n:1	
Q5SH52_THET8	E6SML5_THEM7	1:1	1110926
Q5SH51_THET8	E6SIK2_THEM7	1:1	816705
Q5SH49_THET8	E6SHH1_THEM7	1:1	1079698
Q5SH46_THET8	E6SLB8_THEM7	1:1	851657
Q5SH44_THET8	E6SGQ9_THEM7	n:m	
Q5SH44_THET8	E6SIN9_THEM7	n:m	
Q5SH44_THET8	E6SJ45_THEM7	n:m	
Q5SH43_THET8	E6SGV0_THEM7	1:m	1061192
Q5SH43_THET8	E6SHX7_THEM7	1:m	
Q5SH42_THET8	E6SI59_THEM7	n:m	
Q5SH42_THET8	E6SLX1_THEM7	n:m	
Q5SH42_THET8	E6SH62_THEM7	n:m	
Q5SH42_THET8	E6SHJ2_THEM7	n:m	
Q5SH42_THET8	E6SHN5_THEM7	n:m	
Q5SH42_THET8	E6SIR7_THEM7	n:m	
Q5SH40_THET8	E6SM41_THEM7	1:1	
Q56243	E6SM03_THEM7	1:1	1112390
Q56213	E6SM34_THEM7	1:1	726037
Q5SH20_THET8	E6SHZ7_THEM7	1:1	
Q5SH19_THET8	E6SHZ6_THEM7	1:1	
Q5SH15	E6SJQ8_THEM7	1:1	
Q5SH14_THET8	E6SK20_THEM7	n:m	
Q5SH14_THET8	E6SLR9_THEM7	n:m	
Q5SH10_THET8	E6SL34_THEM7	1:1	
Q5SH06_THET8	E6SI59_THEM7	n:m	
Q5SH06_THET8	E6SLX1_THEM7	n:m	
Q5SH06_THET8	E6SH62_THEM7	n:m	
Q5SH06_THET8	E6SHJ2_THEM7	n:m	
Q5SH06_THET8	E6SHN5_THEM7	n:m	
Q5SH06_THET8	E6SIR7_THEM7	n:m	
Q5SH04_THET8	E6SL45_THEM7	1:1	
Q5SGZ4_THET8	E6SIP2_THEM7	n:1	841771
Q5SGZ3	E6SJA7_THEM7	1:1	607357
Q5SGZ2_THET8	E6SK20_THEM7	n:m	
Q5SGZ2_THET8	E6SLR9_THEM7	n:m	
P96077	E6SLL3_THEM7	1:1	1115059
Q5SGY0	E6SH26_THEM7	1:1	
Q5SGX5_THET8	E6SMC2_THEM7	1:m	
Q5SGX5_THET8	E6SMQ4_THEM7	1:m	
Q5SGX5_THET8	E6SGE6_THEM7	1:m	816887
Q5SGX4_THET8	E6SMC3_THEM7	1:m	
Q5SGX4_THET8	E6SMQ3_THEM7	1:m	815799
Q5SGX2	E6SIV5_THEM7	1:1	1104715
Q5SGX1	E6SIV6_THEM7	1:1	1056509
P21777	E6SG86_THEM7	1:1	1069815
Q5SGW1_THET8	E6SLY5_THEM7	1:1	774753
Q5SGW0_THET8	E6SLY6_THEM7	1:1	851682
Q9LCY2	E6SLY8_THEM7	1:1	
Q9X9D5	E6SK02_THEM7	1:1	1063408
Q53WH8_THET8	E6SM84_THEM7	1:1	769405
Q53WH7_THET8	E6SM83_THEM7	1:1	1067797
Q53WH6_THET8	E6SGK7_THEM7	n:m	
Q53WH6_THET8	E6SI78_THEM7	n:m	
Q53WH6_THET8	E6SIJ7_THEM7	n:m	
Q53WH6_THET8	E6SM82_THEM7	n:m	
Q53WH6_THET8	E6SHN0_THEM7	n:m	
Q53WH6_THET8	E6SIA0_THEM7	n:m	
Q53WH2_THET8	E6SGK7_THEM7	n:m	
Q53WH2_THET8	E6SI78_THEM7	n:m	
Q53WH2_THET8	E6SIJ7_THEM7	n:m	
Q53WH2_THET8	E6SM82_THEM7	n:m	
Q53WH2_THET8	E6SHN0_THEM7	n:m	
Q53WH2_THET8	E6SIA0_THEM7	n:m	
Q53WE0_THET8	E6SK20_THEM7	n:m	
Q53WE0_THET8	E6SLR9_THEM7	n:m	
Q53WD9_THET8	E6SGQ0_THEM7	1:1	
Q53WD2_THET8	E6SHQ9_THEM7	1:1	
Q53WB3_THET8	E6SK66_THEM7	n:1	
Q53W92	E6SK64_THEM7	1:1	
Q53W89_THET8	E6SHV2_THEM7	n:1	
Q53W85_THET8	E6SGK7_THEM7	n:m	
Q53W85_THET8	E6SI78_THEM7	n:m	
Q53W85_THET8	E6SIJ7_THEM7	n:m	
Q53W85_THET8	E6SM82_THEM7	n:m	
Q53W85_THET8	E6SHN0_THEM7	n:m	
Q53W85_THET8	E6SIA0_THEM7	n:m	
Q53W83	E6SM37_THEM7	n:1	
Q53W82_THET8	E6SGK7_THEM7	n:m	
Q53W82_THET8	E6SI78_THEM7	n:m	
Q53W82_THET8	E6SIJ7_THEM7	n:m	
Q53W82_THET8	E6SM82_THEM7	n:m	
Q53W82_THET8	E6SHN0_THEM7	n:m	
Q53W82_THET8	E6SIA0_THEM7	n:m	
Q53W76_THET8	E6SGQ9_THEM7	n:m	
Q53W76_THET8	E6SIN9_THEM7	n:m	
Q53W76_THET8	E6SJ45_THEM7	n:m	
Q53W50_THET8	E6SIE1_THEM7	1:1	1067786
Q53W28_THET8	E6SGF6_THEM7	1:1	
Q53W24_THET8	E6SH83_THEM7	1:1	689315
Q53W23_THET8	E6SH82_THEM7	1:1	1089659
Q53W20_THET8	E6SIP5_THEM7	n:1	
Q5SJT7_THET8	E6SIP5_THEM7	n:1	
Q53VZ3_THET8	E6SI47_THEM7	n:1	
Q53VY3_THET8	E6SGU2_THEM7	n:1	
Q53WG6	E6SM88_THEM7	1:1	1101562
Q53WG5_THET8	E6SGC0_THEM7	1:1	
Q53WG4_THET8	E6SGB9_THEM7	1:1	823356
Q53VW8_THET8	E6SGI9_THEM7	1:1	
Q53VW1_THET8	E6SLW4_THEM7	n:1	
Q53VW0_THET8	E6SLW5_THEM7	n:1	
Q53VV3_THET8	E6SGU2_THEM7	n:1	
Q53VU0_THET8	E6SI06_THEM7	1:1	
Q53VT9_THET8	E6SI05_THEM7	1:1	
Q53VT8_THET8	E6SI04_THEM7	1:1	772299
Q53WI4_THET8	E6SI07_THEM7	1:1	713800
Q53WI2_THET8	E6SL35_THEM7	n:m	
Q53WI2_THET8	E6SI16_THEM7	n:m	1021422
Q53WI1_THET8	E6SIS2_THEM7	n:1	1093195
Q53WI0	E6SI03_THEM7	1:1	
Q53WH9	E6SI02_THEM7	1:1	
Q53VT7_THET8	E6SI01_THEM7	1:1	
Q53VT6_THET8	E6SI15_THEM7	1:1	
Q53VT5_THET8	E6SI14_THEM7	1:1	814750

