Q5SME2_THET8	F2NNF7_MARHT	1:1	
Q5SME1	F2NNF8_MARHT	1:1	1187223
Q5SME0_THET8	F2NNF9_MARHT	1:1	1172938
Q5SMD7	F2NN35_MARHT	1:1	666728
Q5SMD6_THET8	F2NN34_MARHT	1:1	61084
Q5SMD5_THET8	F2NN32_MARHT	1:1	1171890
Q5SMD2_THET8	F2NKR6_MARHT	1:1	1172696
Q5SMD1_THET8	F2NPL9_MARHT	1:1	1031251
Q5SMD0_THET8	F2NKQ5_MARHT	1:1	1174202
Q5SMC8	F2NNT2_MARHT	1:1	1187199
Q5SMC7	F2NNT1_MARHT	1:1	1173273
Q5SMC6_THET8	F2NNS4_MARHT	1:1	843739
Q5SMC4_THET8	F2NL69_MARHT	1:1	
Q5SMC2_THET8	F2NL68_MARHT	1:1	
Q5SMC0_THET8	F2NL67_MARHT	1:1	1064008
Q5SMB9_THET8	F2NKM4_MARHT	1:1	960518
Q5SMB8_THET8	F2NKJ8_MARHT	1:1	1045461
Q5SMB7_THET8	F2NMV8_MARHT	1:1	903051
Q5SMB6_THET8	F2NMW6_MARHT	1:1	1076341
Q5SMA3_THET8	F2NMW7_MARHT	1:1	1159236
Q5SMA2_THET8	F2NKN2_MARHT	1:1	61178
P60494	F2NKN3_MARHT	1:1	1183880
Q5SMA0_THET8	F2NKN4_MARHT	1:1	1003545
Q56232	F2NKN5_MARHT	1:1	
Q5SM94_THET8	F2NKY1_MARHT	1:1	960780
Q5SM93_THET8	F2NKY2_MARHT	1:1	1065623
Q5SM92_THET8	F2NKY3_MARHT	1:1	61337
Q5SM91_THET8	F2NKY5_MARHT	1:1	1100693
Q5SM89_THET8	F2NQA1_MARHT	1:1	1106165
Q5SM88_THET8	F2NNP9_MARHT	1:1	640242
Q5SM87_THET8	F2NNQ0_MARHT	1:1	638478
Q5SM86_THET8	F2NPW5_MARHT	1:1	1032309
Q5SM85_THET8	F2NNP8_MARHT	1:1	1187179
Q5SM84_THET8	F2NNP7_MARHT	1:1	1098817
Q5SM83_THET8	F2NKN9_MARHT	1:1	61209
Q5SM82_THET8	F2NNB6_MARHT	1:1	60704
Q5SM81_THET8	F2NPK2_MARHT	1:1	1154681
Q5SM80_THET8	F2NRA4_MARHT	1:1	1149402
Q5SM79_THET8	F2NRA3_MARHT	1:1	681163
Q5SM78_THET8	F2NKY0_MARHT	1:1	60699
Q5SM76_THET8	F2NKX4_MARHT	1:1	1166295
Q5SM71_THET8	F2NLT7_MARHT	1:1	772560
Q5SM70_THET8	F2NLP2_MARHT	1:1	61439
Q5SM69_THET8	F2NLP3_MARHT	1:1	665809
Q5SM67_THET8	F2NLR0_MARHT	1:1	
Q5SM66_THET8	F2NM92_MARHT	1:1	1162136
Q5SM65_THET8	F2NN98_MARHT	1:1	639022
Q5SM62_THET8	F2NQ93_MARHT	1:1	
Q5SM61_THET8	F2NQ92_MARHT	1:1	60531
Q5SM60	F2NQ90_MARHT	1:1	1147644
Q56217	F2NLZ9_MARHT	1:1	1050296
Q56218	F2NM00_MARHT	1:1	681046
Q56219	F2NM01_MARHT	1:1	52665
Q56220	F2NM02_MARHT	1:1	1097300
Q56221	F2NM03_MARHT	1:1	1026610
Q56222	F2NM04_MARHT	1:1	
Q56223	F2NM05_MARHT	1:1	1023101
Q60019	F2NM06_MARHT	1:1	680962
Q56224	F2NM07_MARHT	1:1	682283
Q56225	F2NM08_MARHT	1:1	681187
Q56226	F2NM09_MARHT	1:1	1122391
Q56227	F2NM10_MARHT	1:1	681213
Q56228	F2NM11_MARHT	1:1	680978
Q56229	F2NM12_MARHT	1:1	681029
Q5SM45	F2NM42_MARHT	1:1	1180908
Q5SM44_THET8	F2NM41_MARHT	1:1	684758
Q5SM43_THET8	F2NM36_MARHT	1:1	978854
Q5SM42_THET8	F2NLY4_MARHT	1:1	1099712
Q5SM41_THET8	F2NQ31_MARHT	1:1	15855
Q5SM40_THET8	F2NQ29_MARHT	1:1	
Q5SM37_THET8	F2NQD8_MARHT	1:1	1183798
Q5SM35_THET8	F2NNX4_MARHT	1:1	666738
Q5SM34_THET8	F2NLR2_MARHT	1:1	
Q5SM33_THET8	F2NLR1_MARHT	1:1	
Q5SM32_THET8	F2NPS4_MARHT	1:1	682882
Q5SM31_THET8	F2NPS3_MARHT	1:1	1063309
Q5SM28	F2NPS2_MARHT	1:1	1183506
Q5SM27	F2NLT8_MARHT	1:1	947258
Q5SM25	F2NL23_MARHT	1:1	1132324
Q5SM24_THET8	F2NNT5_MARHT	1:1	975004
Q5SM23	F2NNT4_MARHT	1:1	1188587
Q5SM22_THET8	F2NNT3_MARHT	1:1	667813
Q5SM19_THET8	F2NN42_MARHT	1:1	1185014
Q5SM16	F2NLS3_MARHT	1:1	683613
Q5SM15	F2NLS2_MARHT	1:1	1022077
Q5SM14	F2NLS1_MARHT	1:1	1185861
Q5SM13_THET8	F2NKS6_MARHT	1:1	1167819
Q5SM12_THET8	F2NN23_MARHT	1:1	888218
Q5SM11_THET8	F2NN39_MARHT	1:1	693067
Q5SM10_THET8	F2NKS1_MARHT	1:1	61401
Q5SM09	F2NKS0_MARHT	1:1	1176087
Q5SM08_THET8	F2NPX2_MARHT	1:1	1134675
Q5SM07_THET8	F2NPX4_MARHT	1:1	1001242
Q5SM06_THET8	F2NPX6_MARHT	1:1	1141461
Q5SM05_THET8	F2NKQ0_MARHT	1:1	689391
Q5SM04_THET8	F2NKQ1_MARHT	1:1	60757
Q5SM03	F2NKQ2_MARHT	1:1	1185301
Q5SM01	F2NKN8_MARHT	1:1	1148949
Q5SM00_THET8	F2NNW8_MARHT	1:1	
Q5SLZ9_THET8	F2NNW7_MARHT	1:1	703223
Q5SLZ8_THET8	F2NNW6_MARHT	1:1	681329
Q5SLZ7_THET8	F2NN25_MARHT	1:1	1079969
Q5SLZ5_THET8	F2NN24_MARHT	1:1	681560
Q5SLY6_THET8	F2NR88_MARHT	1:1	1153104
Q5SLY4_THET8	F2NNG0_MARHT	1:1	61181
Q5SLY3_THET8	F2NMX4_MARHT	1:1	1110904
Q5SLY2_THET8	F2NMX1_MARHT	1:1	639905
Q5SLY1_THET8	F2NPQ8_MARHT	1:1	1182049
Q5SLY0_THET8	F2NNP2_MARHT	1:1	1176470
Q5SLX8_THET8	F2NN18_MARHT	1:1	985683
Q5SLX7_THET8	F2NN19_MARHT	1:1	913006
Q5SLX6_THET8	F2NN20_MARHT	1:1	
Q5SLX5_THET8	F2NN21_MARHT	1:1	1182940
Q5SLX4_THET8	F2NKK6_MARHT	1:1	1171934
P83700	F2NNE1_MARHT	1:1	1101230
Q5SLX2	F2NNE0_MARHT	1:1	1028476
Q5SLX1	F2NM50_MARHT	1:1	1057039
Q5SLX0_THET8	F2NPG3_MARHT	1:1	1171099
Q5SLW9	F2NPG4_MARHT	1:1	
Q5SLW8_THET8	F2NKF4_MARHT	1:1	681258
Q5SLW7_THET8	F2NKF5_MARHT	1:1	641958
P03942	F2NQ28_MARHT	1:1	1050899
Q5SLW5_THET8	F2NQ27_MARHT	1:1	61519
Q5SLW4_THET8	F2NQ26_MARHT	1:1	1152208
Q5SLW0_THET8	F2NNR4_MARHT	1:1	1147451
Q5SLV9_THET8	F2NQ57_MARHT	1:1	909500
Q5SLV8_THET8	F2NQ56_MARHT	1:1	1183827
Q5SLV6_THET8	F2NPX7_MARHT	1:1	681263
Q5SLV5	F2NRA6_MARHT	1:1	1187823
Q5SLV4_THET8	F2NLP1_MARHT	1:1	1026573
Q5SLV3_THET8	F2NNN3_MARHT	1:1	1136724
Q5SLV2_THET8	F2NNN4_MARHT	1:1	1108875
Q5SLV1_THET8	F2NPX5_MARHT	1:1	
Q5SLV0_THET8	F2NNN5_MARHT	1:1	685723
Q5SLU9_THET8	F2NNN6_MARHT	1:1	911110
Q5SLU8_THET8	F2NNN7_MARHT	1:1	682529
Q5SLU7_THET8	F2NNN8_MARHT	1:1	969855
Q5SLU6_THET8	F2NNN9_MARHT	1:1	60993
Q5SLU5	F2NNP0_MARHT	1:1	1168332
Q5SLU4_THET8	F2NKX9_MARHT	1:1	
Q5SLU3_THET8	F2NR99_MARHT	1:1	1023106
Q5SLU2_THET8	F2NPW3_MARHT	1:1	903873
Q5SLU0_THET8	F2NQX5_MARHT	1:1	682577
Q5SLT8_THET8	F2NNR5_MARHT	1:1	1031270
Q5SLT7_THET8	F2NQ53_MARHT	1:1	1107590
Q5SLT6_THET8	F2NQ54_MARHT	1:1	1123761
Q5SLT5_THET8	F2NQ55_MARHT	1:1	1107589
Q8VVE3	F2NL07_MARHT	1:1	1163539
Q8VVE2	F2NL08_MARHT	1:1	1189153
Q5SLT2_THET8	F2NN64_MARHT	1:1	1111173
Q5SLT1_THET8	F2NN65_MARHT	1:1	905585
Q5SLT0_THET8	F2NN67_MARHT	1:1	61610
Q5SLS9_THET8	F2NN68_MARHT	1:1	1152410
Q5SLS8_THET8	F2NN69_MARHT	1:1	681837
Q5SLS7_THET8	F2NK22_MARHT	1:1	1107591
Q5SLS6	F2NN71_MARHT	1:1	1181351
Q5SLS5_THET8	F2NN73_MARHT	1:1	1180220
Q5SLS4_THET8	F2NN74_MARHT	1:1	680955
Q5SLS3_THET8	F2NN75_MARHT	1:1	
Q5SLS1	F2NPQ9_MARHT	1:1	1182027
Q5SLS0_THET8	F2NN15_MARHT	1:1	967504
Q5SLR9_THET8	F2NN61_MARHT	1:1	682320
Q5SLR8_THET8	F2NR37_MARHT	1:1	1142709
Q5SLR7_THET8	F2NR94_MARHT	1:1	967048
Q5SLR6_THET8	F2NR95_MARHT	1:1	985989
Q5SLR5	F2NL58_MARHT	1:1	1124620
Q5SLR4	F2NL57_MARHT	1:1	1178746
Q5SLR3	F2NL56_MARHT	1:1	666731
Q5SLR1_THET8	F2NL55_MARHT	1:1	909494
Q5SLR0_THET8	F2NL54_MARHT	1:1	1039187
Q5SLQ6_THET8	F2NL38_MARHT	1:1	1164307
Q5SLQ5_THET8	F2NL40_MARHT	1:1	52678
Q5SLQ4	F2NL41_MARHT	1:1	1185150
Q5SLQ3	F2NL42_MARHT	1:1	1162750
Q5SLQ2_THET8	F2NNR2_MARHT	1:1	
Q5SLQ1	F2NKT5_MARHT	1:1	1135979
Q5SLQ0	F2NKT6_MARHT	1:1	1154126
Q5SLP9	F2NKT7_MARHT	1:1	60530
Q5SLP8	F2NKT8_MARHT	1:1	1172103
Q5SLP7	F2NL06_MARHT	1:1	680912
Q5SLP6	F2NL05_MARHT	1:1	1188021
P35872	F2NL04_MARHT	1:1	1175255
P38383	F2NL03_MARHT	1:1	1139448
P35871	F2NL02_MARHT	1:1	1167895
P60339	F2NL01_MARHT	n:1	680918
Q5SLP1	F2NNW5_MARHT	1:1	1164473
Q5SLP0_THET8	F2NNV8_MARHT	1:1	61360
Q5SLN9_THET8	F2NNV7_MARHT	1:1	61437
Q5SLN8_THET8	F2NNV5_MARHT	1:1	
Q5SLN7_THET8	F2NNU7_MARHT	1:1	938863
Q5SLN6_THET8	F2NNU8_MARHT	1:1	669250
Q5SLN5	F2NNV0_MARHT	1:1	1185372
Q5SLN4_THET8	F2NNW9_MARHT	1:1	1041153
Q5SLN3_THET8	F2NQ33_MARHT	1:1	909665
Q5SLN2_THET8	F2NQ34_MARHT	1:1	910005
Q5SLN1	F2NQ35_MARHT	1:1	680972
Q5SLN0_THET8	F2NN58_MARHT	1:1	681319
Q5SLM9_THET8	F2NN40_MARHT	1:1	1134829
Q5SLM8_THET8	F2NN41_MARHT	1:1	925120
Q5SLM7_THET8	F2NPT5_MARHT	1:1	688598
Q5SLM6_THET8	F2NQ52_MARHT	1:1	
Q5SLM4_THET8	F2NPR8_MARHT	1:1	
Q5SLM3	F2NPY0_MARHT	1:1	1137713
Q5SLM2	F2NL64_MARHT	1:1	894219
P61493	F2NL65_MARHT	1:1	1177679
Q5SLL8_THET8	F2NL66_MARHT	1:1	682607
Q5SLL6	F2NKM5_MARHT	1:1	
Q5SLL5	F2NKM8_MARHT	1:1	1003006
Q5SLL3	F2NM59_MARHT	1:1	1164750
Q5SLL1_THET8	F2NM58_MARHT	1:1	1161343
Q5SLL0	F2NM57_MARHT	1:1	1175146
P59846	F2NM56_MARHT	1:1	1183627
Q5SLK6_THET8	F2NR10_MARHT	1:1	1039159
Q5SLK5_THET8	F2NR09_MARHT	1:1	909493
Q5SLK4_THET8	F2NR08_MARHT	1:1	1186624
Q5SLK3_THET8	F2NK49_MARHT	1:1	1180199
Q9F1Q3	F2NLJ2_MARHT	1:1	1162801
Q5SLJ9_THET8	F2NKV0_MARHT	1:1	1099132
Q5SLJ8_THET8	F2NP84_MARHT	1:1	
Q5SLJ7_THET8	F2NPM7_MARHT	1:1	680938
Q5SLJ6_THET8	F2NPM6_MARHT	1:1	1146211
Q5SLJ4_THET8	F2NPM4_MARHT	1:1	1122646
Q5SLJ0_THET8	F2NQ05_MARHT	1:1	965434
Q5SLI9_THET8	F2NQ04_MARHT	1:1	836495
Q5SLI8	F2NPM9_MARHT	1:1	1187468
Q5SLI7	F2NPL1_MARHT	1:1	1176885
Q5SLI5_THET8	F2NPL2_MARHT	1:1	
Q5SLI4_THET8	F2NKN1_MARHT	1:1	
Q5SLI3	F2NMV0_MARHT	1:1	1169706
Q5SLI2_THET8	F2NMV1_MARHT	1:1	1014797
P98005	F2NMV2_MARHT	1:1	
Q5SLH8_THET8	F2NQQ1_MARHT	1:1	61333
Q5SLH7_THET8	F2NQZ2_MARHT	1:1	61527
Q5SLH6_THET8	F2NKS8_MARHT	1:1	61179
Q5SLH5_THET8	F2NKS9_MARHT	1:1	1123621
Q5SLH4	F2NKT0_MARHT	1:1	1186527
Q5SLH3	F2NR11_MARHT	1:1	1169765
Q5SLH2	F2NR12_MARHT	1:1	1184015
Q5SLH1_THET8	F2NR13_MARHT	1:1	1160913
Q5SLH0_THET8	F2NR14_MARHT	1:1	1175219
Q5SLG9_THET8	F2NR15_MARHT	1:1	905145
Q5SLG7_THET8	F2NM16_MARHT	1:1	1175494
Q5SLG6_THET8	F2NP99_MARHT	1:1	954636
Q5SLG5_THET8	F2NR30_MARHT	1:1	1070976
Q5SLG4_THET8	F2NR29_MARHT	1:1	1065801
Q5SLG3_THET8	F2NR28_MARHT	1:1	905589
Q5SLG2_THET8	F2NR26_MARHT	1:1	918290
Q5SLG1_THET8	F2NPI4_MARHT	1:1	61624
Q5SLF9_THET8	F2NPK8_MARHT	1:1	1106339
Q5SLF8	F2NPK9_MARHT	1:1	1065879
Q5SLF7	F2NKC4_MARHT	1:1	1154308
Q5SLF6_THET8	F2NPR4_MARHT	1:1	
Q5SLF5_THET8	F2NKU1_MARHT	1:1	1164800
Q5SLF4_THET8	F2NKU0_MARHT	1:1	61608
Q5SLF3_THET8	F2NKT9_MARHT	1:1	1018027
Q5SLF2_THET8	F2NKR3_MARHT	1:1	1165229
Q5SLF1_THET8	F2NKR4_MARHT	1:1	1066808
Q5SLF0_THET8	F2NNN0_MARHT	1:1	972411
Q5SLE9_THET8	F2NNM9_MARHT	1:1	
Q5SLE8	F2NNM8_MARHT	1:1	1170884
Q5SLE7_THET8	F2NQ75_MARHT	1:1	681186
Q5SLE6_THET8	F2NQ76_MARHT	1:1	
Q5SLE5_THET8	F2NNG4_MARHT	1:1	1170426
Q5SLE3_THET8	F2NNG3_MARHT	1:1	967300
Q5SLE2_THET8	F2NNG2_MARHT	1:1	681381
Q5SLE1_THET8	F2NNG1_MARHT	1:1	48922
Q5SLD4_THET8	F2NMX3_MARHT	1:1	681226
Q5SLD3_THET8	F2NKU2_MARHT	1:1	
Q5SLD1_THET8	F2NPR3_MARHT	1:1	1143640
Q5SLD0_THET8	F2NPR2_MARHT	1:1	1087381
Q5SLC9	F2NPR1_MARHT	1:1	841582
Q5SLC8_THET8	F2NPR0_MARHT	1:1	841581
Q9LCX2	F2NR82_MARHT	1:1	1065861
Q5SLC6_THET8	F2NR84_MARHT	1:1	1187905
Q5SLC5_THET8	F2NR85_MARHT	1:1	1065534
Q5SLC4_THET8	F2NR86_MARHT	1:1	836523
Q5SLC3_THET8	F2NN12_MARHT	1:1	1042564
Q5SLC2_THET8	F2NN11_MARHT	1:1	939876
Q5SLC1	F2NNL6_MARHT	1:1	1177424
Q5SLC0_THET8	F2NNL8_MARHT	1:1	1048657
Q5SLB9_THET8	F2NMD2_MARHT	1:1	1110049
Q5SLB8_THET8	F2NMB7_MARHT	1:1	1028937
Q5SLB2_THET8	F2NMB8_MARHT	1:1	1173699
Q5SLB1_THET8	F2NLP6_MARHT	1:1	1021105
Q5SLB0_THET8	F2NLP7_MARHT	1:1	978746
Q5SLA9	F2NLP8_MARHT	1:1	683034
Q5SLA8	F2NLP9_MARHT	1:1	680917
Q5SLA7_THET8	F2NLQ0_MARHT	1:1	697057
Q5SLA6_THET8	F2NLQ1_MARHT	1:1	680949
Q5SLA5_THET8	F2NLQ2_MARHT	1:1	
Q5SLA4_THET8	F2NLQ3_MARHT	1:1	690076
Q5SLA1_THET8	F2NKX2_MARHT	1:1	1140889
Q5SLA0_THET8	F2NKX3_MARHT	1:1	948368
Q5SL99_THET8	F2NL35_MARHT	1:1	838435
Q5SL98_THET8	F2NKX1_MARHT	1:1	670032
Q5SL97_THET8	F2NKX0_MARHT	1:1	943885
Q5SL96_THET8	F2NKW9_MARHT	1:1	1173543
Q5SL95_THET8	F2NKW8_MARHT	1:1	1173551
Q5SL90_THET8	F2NKW4_MARHT	1:1	682325
Q5SL89_THET8	F2NKW5_MARHT	1:1	60571
Q5SL88_THET8	F2NLY6_MARHT	1:1	970462
Q5SL87	F2NLY7_MARHT	1:1	1173926
Q5SL86	F2NLZ2_MARHT	1:1	1186528
Q5SL85_THET8	F2NLZ4_MARHT	1:1	1082390
Q5SL81_THET8	F2NNY7_MARHT	1:1	1071385
Q5SL80_THET8	F2NP00_MARHT	1:1	
Q5SL79	F2NP01_MARHT	1:1	863306
Q5SL78_THET8	F2NP02_MARHT	1:1	836494
Q5SL77_THET8	F2NP03_MARHT	1:1	680922
Q5SL76_THET8	F2NP04_MARHT	1:1	1054444
P80339	F2NP05_MARHT	1:1	1152993
Q5SL74_THET8	F2NP06_MARHT	1:1	1179834
Q5SL72_THET8	F2NR38_MARHT	1:1	61606
Q5SL71_THET8	F2NL86_MARHT	1:1	1008469
Q5SL70_THET8	F2NL87_MARHT	1:1	947272
Q5SL69_THET8	F2NL88_MARHT	1:1	1124959
Q5SL65_THET8	F2NQ86_MARHT	1:1	
Q5SL64	F2NQ87_MARHT	1:1	1127779
Q7SIC0	F2NQ88_MARHT	1:1	1187602
Q5SL62_THET8	F2NQ89_MARHT	1:1	1023742
Q5SL61_THET8	F2NNF2_MARHT	1:1	1186882
Q5SL60_THET8	F2NNE7_MARHT	1:1	61210
Q5SL59_THET8	F2NNE6_MARHT	1:1	919374
Q5SL58_THET8	F2NM47_MARHT	1:1	923506
Q5SL57_THET8	F2NM48_MARHT	1:1	681167
P27000	F2NM49_MARHT	1:1	1076936
Q5SL54_THET8	F2NPB7_MARHT	1:1	686315
Q5SL53_THET8	F2NPB6_MARHT	1:1	724716
Q5SL51_THET8	F2NM94_MARHT	1:1	681588
Q5SL50_THET8	F2NM95_MARHT	1:1	970440
Q5SL49	F2NM96_MARHT	1:1	1054660
Q7X5K6	F2NM97_MARHT	1:1	1174500
Q5SL46_THET8	F2NK73_MARHT	1:1	682515
Q5SL45_THET8	F2NK72_MARHT	1:1	681272
Q5SL44_THET8	F2NK71_MARHT	1:1	683256
Q5SL43_THET8	F2NK70_MARHT	1:1	682699
Q5SL42_THET8	F2NK69_MARHT	1:1	950528
Q5SL41_THET8	F2NK68_MARHT	1:1	682968
Q5SL40_THET8	F2NMF9_MARHT	1:1	681325
Q5SL39_THET8	F2NMF8_MARHT	1:1	1150294
Q5SL38_THET8	F2NMF7_MARHT	1:1	947089
Q5SL37_THET8	F2NLM7_MARHT	1:1	1108294
Q5SL36	F2NL22_MARHT	1:1	1187458
Q5SL35	F2NL21_MARHT	1:1	1188855
Q5SL34_THET8	F2NL74_MARHT	1:1	47284
Q5SL33_THET8	F2NL75_MARHT	1:1	1028570
Q5SL32_THET8	F2NL76_MARHT	1:1	836570
Q5SL30_THET8	F2NMP7_MARHT	1:1	61612
Q5SL28	F2NR17_MARHT	1:1	639175
Q5SL27_THET8	F2NMP3_MARHT	1:1	1077576
Q5SL24_THET8	F2NQT4_MARHT	1:1	1089600
Q5SL23_THET8	F2NQT3_MARHT	1:1	
Q5SL22_THET8	F2NQT2_MARHT	1:1	894690
Q5SL21_THET8	F2NQT1_MARHT	1:1	681326
Q5SL20_THET8	F2NQT0_MARHT	1:1	681060
Q5SL19_THET8	F2NLX4_MARHT	1:1	1155589
Q5SL18_THET8	F2NLX3_MARHT	1:1	1100692
Q5SL17_THET8	F2NLX1_MARHT	1:1	61892
Q5SL16_THET8	F2NLX0_MARHT	1:1	1118025
Q5SL14_THET8	F2NM31_MARHT	1:1	1055609
Q5SL09_THET8	F2NQC3_MARHT	1:1	1178094
Q5SL08_THET8	F2NQC0_MARHT	1:1	1106662
Q5SL07_THET8	F2NQB9_MARHT	1:1	1032289
Q5SL04_THET8	F2NPE8_MARHT	1:1	1158189
Q5SL02_THET8	F2NPE9_MARHT	1:1	1186927
Q5SL01_THET8	F2NPF0_MARHT	1:1	61622
Q5SL00_THET8	F2NPF1_MARHT	1:1	889359
Q5SKZ8_THET8	F2NPF3_MARHT	1:1	60990
Q5SKZ7	F2NM44_MARHT	1:1	61529
Q5SKZ6_THET8	F2NMN8_MARHT	1:1	1110279
Q5SKZ3_THET8	F2NL26_MARHT	1:1	1143159
Q5SKZ0_THET8	F2NQS0_MARHT	1:1	
Q5SKY7_THET8	F2NQM5_MARHT	1:1	1060811
Q5SKY5_THET8	F2NK26_MARHT	1:1	61082
Q5SKY4_THET8	F2NK25_MARHT	1:1	1146210
Q5SKY2_THET8	F2NPA3_MARHT	1:1	970036
Q5SKY0_THET8	F2NMN9_MARHT	1:1	1185731
Q5SKX9_THET8	F2NMP0_MARHT	1:1	1149150
Q5SKX6_THET8	F2NN91_MARHT	1:1	929327
Q5SKX5_THET8	F2NQE5_MARHT	n:1	
Q5SKX4_THET8	F2NNY6_MARHT	1:1	874260
Q5SKX3_THET8	F2NK27_MARHT	1:1	
Q5SKX2_THET8	F2NLG2_MARHT	1:1	1053306
Q5SKX1_THET8	F2NLG1_MARHT	1:1	1002556
Q5SKX0	F2NM65_MARHT	1:1	1160128
Q5SKW9	F2NM66_MARHT	1:1	923370
Q5SKW8_THET8	F2NM67_MARHT	1:1	909405
Q5SKW7	F2NM68_MARHT	1:1	909404
Q5SKW6_THET8	F2NMF3_MARHT	1:1	1135555
Q5SKW5_THET8	F2NMF4_MARHT	1:1	1079584
Q5SKW3_THET8	F2NPE5_MARHT	1:1	60604
Q5SKW1_THET8	F2NPB4_MARHT	1:1	1169138
Q5SKW0_THET8	F2NMM4_MARHT	1:1	1100561
Q5SKV9_THET8	F2NPE6_MARHT	1:1	1171827
Q5SKV6_THET8	F2NLL0_MARHT	1:1	1187366
Q5SKV5_THET8	F2NLL1_MARHT	1:1	1038926
Q5SKV3	F2NLL2_MARHT	1:1	1041260
Q5SKV2_THET8	F2NLL3_MARHT	1:1	1188860
Q5SKV1_THET8	F2NLL4_MARHT	1:1	1169314
Q5SKU8_THET8	F2NLL7_MARHT	1:1	1184249
Q5SKU7_THET8	F2NLZ7_MARHT	1:1	1153504
Q5SKU6_THET8	F2NLL9_MARHT	1:1	61356
Q5SKU4_THET8	F2NKB2_MARHT	1:1	1136898
Q5SKU3_THET8	F2NLM8_MARHT	1:1	1180196
Q5SKU2	F2NLM9_MARHT	1:1	1184195
Q5SKU1	F2NLN0_MARHT	1:1	49153
P60491	F2NLN1_MARHT	1:1	1106506
Q5SKT9_THET8	F2NLN2_MARHT	1:1	988216
Q5SKT8_THET8	F2NLN3_MARHT	1:1	60683
Q5SKT7	F2NLN4_MARHT	1:1	668591
P61503	F2NMI4_MARHT	1:1	1184400
Q5SKT4_THET8	F2NMA9_MARHT	1:1	
Q5SKT3_THET8	F2NMB0_MARHT	1:1	1150872
Q5SKT2_THET8	F2NQB1_MARHT	1:1	1175859
Q5SKT1_THET8	F2NQB2_MARHT	1:1	1184441
Q5SKT0_THET8	F2NQB3_MARHT	1:1	1149246
Q5SKS9_THET8	F2NQB4_MARHT	1:1	681839
Q5SKS8_THET8	F2NQB5_MARHT	1:1	1176565
Q5SKS7_THET8	F2NQB7_MARHT	1:1	1162826
Q5SKS6	F2NLI9_MARHT	1:1	1157436
Q5SKS5_THET8	F2NLI8_MARHT	1:1	731275
Q5SKS4	F2NME8_MARHT	1:1	1077564
Q5SKS3_THET8	F2NLZ5_MARHT	1:1	
Q5SKS2_THET8	F2NMG2_MARHT	1:1	639502
Q5SKS1	F2NMG1_MARHT	1:1	1188911
Q9LCX3	F2NL93_MARHT	1:1	975006
Q5SKR9_THET8	F2NL94_MARHT	1:1	967096
Q5SKR8_THET8	F2NL95_MARHT	1:1	985988
Q5SKR7_THET8	F2NL96_MARHT	1:1	895286
Q5SKR6_THET8	F2NL97_MARHT	1:1	1015167
Q5SKR5	F2NL98_MARHT	1:1	1186814
Q5SKR4_THET8	F2NLH0_MARHT	1:1	
Q5SKR1_THET8	F2NPA8_MARHT	1:1	
Q5SKQ3_THET8	F2NK37_MARHT	n:m	
Q5SKQ3_THET8	F2NN49_MARHT	n:m	
Q5SKQ2_THET8	F2NQX6_MARHT	1:1	872614
Q5SKQ0_THET8	F2NQ66_MARHT	1:1	1149730
Q5SKP8_THET8	F2NPV5_MARHT	1:1	1074434
Q5SKP7_THET8	F2NM70_MARHT	1:1	
Q5SKP6_THET8	F2NQA0_MARHT	1:1	1121036
Q5SKP5_THET8	F2NP88_MARHT	1:1	1135204
Q5SKP4_THET8	F2NP81_MARHT	1:1	1121203
Q5SKP3_THET8	F2NP82_MARHT	1:1	910871
Q5SKP2	F2NP83_MARHT	1:1	923644
Q5SKP1_THET8	F2NQB8_MARHT	1:1	
Q5SKP0_THET8	F2NLI4_MARHT	1:1	967902
Q5SKN9	F2NKP0_MARHT	1:1	681638
Q5SKN8_THET8	F2NLH8_MARHT	1:1	1169699
Q5SKN7	F2NLH7_MARHT	1:1	1157634
Q5SKN6	F2NR35_MARHT	1:1	
Q5SKN5_THET8	F2NLH6_MARHT	1:1	1174169
Q5SKN4	F2NLH5_MARHT	1:1	1164689
Q5SKN3_THET8	F2NLH4_MARHT	1:1	52703
Q5SKN2_THET8	F2NLH3_MARHT	1:1	1183731
Q5SKN1	F2NPG6_MARHT	1:1	1185730
Q5SKN0_THET8	F2NQS1_MARHT	1:1	47726
Q5SKM9	F2NMJ9_MARHT	1:1	1165183
Q5SKM8	F2NMJ8_MARHT	1:1	979026
Q5SKM7	F2NMJ7_MARHT	1:1	1189023
Q5SKM6_THET8	F2NPX3_MARHT	1:1	1184897
Q5SKM3_THET8	F2NLB0_MARHT	1:1	1083223
Q5SKM2_THET8	F2NLB1_MARHT	1:1	1185076
Q5SKM0_THET8	F2NLC9_MARHT	1:1	1173790
Q5SKL9_THET8	F2NLD1_MARHT	1:1	61362
Q5SKL8_THET8	F2NP42_MARHT	1:1	1082530
Q5SKL7	F2NP43_MARHT	1:1	1179899
Q5SKL5_THET8	F2NMD9_MARHT	1:1	690116
Q5SKL4_THET8	F2NLG3_MARHT	1:1	700126
Q5SKL3_THET8	F2NLG4_MARHT	1:1	1189024
Q5SKL2_THET8	F2NLG5_MARHT	1:1	1189304
Q5SKK9_THET8	F2NKK3_MARHT	1:1	667256
Q5SKK6_THET8	F2NKK4_MARHT	1:1	1060273
Q5SKK5_THET8	F2NKK5_MARHT	1:1	843741
Q5SKK2_THET8	F2NN62_MARHT	1:1	
Q5SKK0_THET8	F2NL81_MARHT	1:1	
Q5SKJ5_THET8	F2NQ85_MARHT	1:1	
Q5SKJ3_THET8	F2NK79_MARHT	1:1	1105052
Q5SKI9_THET8	F2NP27_MARHT	1:1	680994
Q5SKI8_THET8	F2NP28_MARHT	1:1	
Q84BQ9	F2NM71_MARHT	1:1	1157491
Q5SKI5_THET8	F2NM73_MARHT	1:1	60722
Q5SKI4_THET8	F2NM74_MARHT	1:1	1090331
Q5SKI0_THET8	F2NLM6_MARHT	1:1	1162723
Q5SKH7_THET8	F2NR18_MARHT	1:1	1166624
Q5SKH6_THET8	F2NR19_MARHT	1:1	
Q5SKH5_THET8	F2NR20_MARHT	1:1	942169
Q5SKH4_THET8	F2NR21_MARHT	1:1	1178324
Q5SKH3_THET8	F2NR22_MARHT	1:1	1110914
Q5SKH2_THET8	F2NR23_MARHT	1:1	1000208
Q5SKH1_THET8	F2NR24_MARHT	1:1	681858
Q5SKG9	F2NMU2_MARHT	1:1	1184786
Q5SKG8_THET8	F2NMU3_MARHT	1:1	911213
Q5SKG7	F2NMU4_MARHT	1:1	1030341
Q5SKG6_THET8	F2NMU5_MARHT	1:1	1160131
Q5SKG5	F2NMU6_MARHT	1:1	1157955
Q5SKG3_THET8	F2NMU7_MARHT	1:1	1157264
Q5SKG0_THET8	F2NPD4_MARHT	1:1	
Q5SKF8_THET8	F2NPV3_MARHT	1:1	909666
Q5SKF7_THET8	F2NPV2_MARHT	1:1	
Q5SKF5_THET8	F2NPV1_MARHT	1:1	1040786
Q5SKF3_THET8	F2NKP3_MARHT	1:1	1171166
Q5SKF2_THET8	F2NKP4_MARHT	1:1	836497
Q5SKF1_THET8	F2NKP5_MARHT	1:1	1130005
Q5SKF0_THET8	F2NNI0_MARHT	1:1	836504
Q5SKE9_THET8	F2NPV0_MARHT	1:1	682822
Q5SKE7_THET8	F2NPU0_MARHT	1:1	
Q5SKE6	F2NP22_MARHT	1:1	1159592
P48515	F2NP20_MARHT	1:1	681048
Q5SKE3_THET8	F2NP19_MARHT	1:1	
P48514	F2NP18_MARHT	1:1	1166289
Q56425	F2NP17_MARHT	1:1	1181032
Q5SKE0_THET8	F2NQN1_MARHT	1:1	
Q5SKD9	F2NQN0_MARHT	1:1	1187879
Q5SKD8_THET8	F2NKW7_MARHT	1:1	640018
Q5SKD7_THET8	F2NKW6_MARHT	1:1	
Q5SKD6	F2NQM9_MARHT	1:1	1187777
P54263	F2NQM8_MARHT	1:1	1122127
Q5SKD4_THET8	F2NQM7_MARHT	1:1	988248
Q5SKD3_THET8	F2NQM4_MARHT	1:1	1057742
Q5SKD2	F2NQM3_MARHT	1:1	1122125
P56194	F2NQM2_MARHT	1:1	1185859
Q5SKC8_THET8	F2NME0_MARHT	1:1	709621
Q5SKC7_THET8	F2NME1_MARHT	1:1	909655
Q5SKC6_THET8	F2NME2_MARHT	1:1	887708
Q5SKC5	F2NQC7_MARHT	1:1	1169076
Q5SKC4_THET8	F2NQC8_MARHT	1:1	61825
Q5SKC3_THET8	F2NQC9_MARHT	1:1	918395
Q5SKC2_THET8	F2NLC3_MARHT	1:1	955183
Q5SKC1	F2NLC4_MARHT	1:1	1157320
Q5SKC0_THET8	F2NQI9_MARHT	1:1	1024806
Q5SKB9_THET8	F2NPN3_MARHT	1:1	
Q5SMF6	F2NMB2_MARHT	1:1	
Q5SMF4_THET8	F2NP46_MARHT	1:1	990311
Q5SMF3_THET8	F2NMA2_MARHT	1:1	1159914
Q5SKB8_THET8	F2NMA1_MARHT	1:1	697047
Q5SKB7_THET8	F2NMA0_MARHT	1:1	1075522
Q5SKB6_THET8	F2NM99_MARHT	1:1	47210
Q5SKB5_THET8	F2NM98_MARHT	1:1	1003268
Q5SKB4_THET8	F2NP66_MARHT	1:1	839086
Q5SKB3_THET8	F2NP65_MARHT	1:1	1106838
Q5SKB0_THET8	F2NP64_MARHT	1:1	60527
Q5SKA9_THET8	F2NP63_MARHT	1:1	1037464
Q5SKA8_THET8	F2NLH1_MARHT	1:1	703225
Q5SKA7	F2NLC2_MARHT	1:1	1189219
Q5SKA2_THET8	F2NMZ0_MARHT	1:1	1024764
Q5SKA1_THET8	F2NMY9_MARHT	1:1	
Q5SKA0_THET8	F2NMY8_MARHT	1:1	682781
Q5SK99_THET8	F2NMY7_MARHT	1:1	61430
Q5SK97_THET8	F2NPB8_MARHT	1:1	61657
Q5SK94_THET8	F2NNS1_MARHT	1:1	
Q5SK93_THET8	F2NRA7_MARHT	1:1	1149918
Q5SK91_THET8	F2NLX8_MARHT	1:1	53197
Q5SK89	F2NLB2_MARHT	1:1	1183981
Q5SK87_THET8	F2NPE4_MARHT	1:1	1070025
Q5SK86_THET8	F2NKL8_MARHT	1:1	
Q5SK85_THET8	F2NQ45_MARHT	1:1	1077633
Q5SK84_THET8	F2NQ44_MARHT	1:1	1039730
Q5SK83_THET8	F2NN17_MARHT	1:1	1162817
Q5SK79_THET8	F2NK51_MARHT	1:1	
Q5SK78_THET8	F2NMJ6_MARHT	1:1	1161036
Q5SK77_THET8	F2NKD8_MARHT	1:1	843735
Q5SK73_THET8	F2NLS6_MARHT	1:1	
Q5SK69	F2NMH1_MARHT	1:1	
Q5SK67	F2NMG9_MARHT	1:1	1109890
Q5SK66	F2NMG8_MARHT	1:1	960478
Q5SK65	F2NMG7_MARHT	1:1	1098706
Q5SMG7_THET8	F2NMD8_MARHT	1:1	
Q5SMG6_THET8	F2NP29_MARHT	1:1	1185916
Q5SMG4_THET8	F2NQW0_MARHT	1:1	1145342
Q5SK63_THET8	F2NQV9_MARHT	1:1	1120365
Q5SK60_THET8	F2NL89_MARHT	1:1	997838
Q5SK59_THET8	F2NL90_MARHT	1:1	1066397
Q5SK58	F2NL91_MARHT	1:1	
Q5SK57_THET8	F2NLE9_MARHT	1:1	1082513
Q5SK55_THET8	F2NM91_MARHT	1:1	1159233
Q5SK53_THET8	F2NP85_MARHT	1:1	1069958
Q5SK52_THET8	F2NP86_MARHT	1:1	
Q5SK51_THET8	F2NL59_MARHT	1:1	1013557
Q5SK50_THET8	F2NL61_MARHT	1:1	964578
Q5SK49	F2NPD8_MARHT	1:1	874309
Q5SK48	F2NPD7_MARHT	1:1	1179257
Q5SK47_THET8	F2NLZ1_MARHT	1:1	61636
Q5SK45_THET8	F2NQU2_MARHT	1:1	
Q5SK44_THET8	F2NQU1_MARHT	1:1	1151006
Q5SK43_THET8	F2NQT9_MARHT	1:1	1138091
Q5SK42_THET8	F2NQT8_MARHT	1:1	902629
Q5SK41_THET8	F2NQT7_MARHT	1:1	
Q5SK40_THET8	F2NQT6_MARHT	1:1	1187912
Q5SK38_THET8	F2NMM0_MARHT	n:1	
Q5SK35_THET8	F2NPP4_MARHT	1:1	1052073
Q5SK34_THET8	F2NPP5_MARHT	1:1	61650
Q5SK33_THET8	F2NPP6_MARHT	1:1	1138646
Q5SK32_THET8	F2NQX0_MARHT	1:1	1051593
Q5SK31	F2NME7_MARHT	1:1	1185246
Q5SK30_THET8	F2NLI7_MARHT	1:1	682941
Q5SK29_THET8	F2NMH2_MARHT	1:1	942507
Q5SK28	F2NMH3_MARHT	1:1	1126809
Q5SK27_THET8	F2NMH4_MARHT	1:1	
Q5SK26_THET8	F2NLJ9_MARHT	1:1	49452
Q5SK25_THET8	F2NLJ8_MARHT	1:1	15861
Q5SK24_THET8	F2NLJ7_MARHT	1:1	61647
Q5SK23_THET8	F2NNI7_MARHT	1:1	
Q5SK22_THET8	F2NLW7_MARHT	1:1	61330
Q5SK21_THET8	F2NQP0_MARHT	1:1	1160674
Q5SK20_THET8	F2NQN9_MARHT	1:1	156931
Q5SK19_THET8	F2NQN8_MARHT	1:1	1088796
Q5SK18_THET8	F2NQK8_MARHT	1:1	
Q5SK17_THET8	F2NQ14_MARHT	1:1	942166
Q5SK16_THET8	F2NQ15_MARHT	1:1	918320
Q5SK15_THET8	F2NQ17_MARHT	1:1	902625
Q5SK14_THET8	F2NQ18_MARHT	1:m	
Q5SK14_THET8	F2NLI3_MARHT	1:m	1122114
Q5SK13_THET8	F2NQ19_MARHT	1:1	
Q5SK12_THET8	F2NR69_MARHT	1:1	1134372
Q5SK11_THET8	F2NQI3_MARHT	1:1	1112026
Q5SK10_THET8	F2NQI4_MARHT	1:1	1137132
Q5SK09_THET8	F2NQI5_MARHT	1:1	1139355
Q5SK08_THET8	F2NMK2_MARHT	1:1	61408
Q5SK06_THET8	F2NMJ2_MARHT	1:1	902671
Q5SK05_THET8	F2NP92_MARHT	1:1	1181042
Q9AJ99	F2NP93_MARHT	1:1	1141012
Q5SK03_THET8	F2NP94_MARHT	1:1	1025105
Q5SK02_THET8	F2NK53_MARHT	1:1	1127024
Q5SK01	F2NK55_MARHT	1:1	680935
Q5SK00_THET8	F2NQJ1_MARHT	1:1	1146880
Q5SJZ9_THET8	F2NQJ2_MARHT	1:1	925133
Q5SJZ8_THET8	F2NQJ3_MARHT	1:1	638789
Q5SJZ7_THET8	F2NQJ4_MARHT	1:1	1183697
Q5SJZ6	F2NQJ5_MARHT	1:1	1188643
Q5SJZ5_THET8	F2NQJ6_MARHT	1:1	1125202
Q9WX76	F2NQJ8_MARHT	1:1	1185662
P43891	F2NQJ9_MARHT	1:1	1163064
P43895	F2NQK0_MARHT	1:1	1166232
P80371	F2NQK1_MARHT	1:1	1170325
Q5SJZ0_THET8	F2NMD4_MARHT	1:1	1128414
Q5SJY9_THET8	F2NMK4_MARHT	1:1	
Q5SJY7_THET8	F2NK24_MARHT	1:1	
Q5SJY6_THET8	F2NN09_MARHT	1:1	
Q84FH6	F2NPA9_MARHT	1:1	1158747
Q5SJY3_THET8	F2NPB0_MARHT	1:1	47890
Q5SJY0_THET8	F2NPB2_MARHT	1:1	1165672
Q5SJX9_THET8	F2NPM3_MARHT	1:1	1050285
Q5SJX8	F2NNH9_MARHT	1:1	1117563
Q5SJX7	F2NK19_MARHT	1:1	1147175
Q9LCX4	F2NK18_MARHT	1:1	1135016
Q5SJX5_THET8	F2NK17_MARHT	1:1	1052084
Q5SJX4_THET8	F2NQP9_MARHT	1:1	1160151
Q5SJX3_THET8	F2NQP8_MARHT	1:1	1105162
Q5SJX2_THET8	F2NQP7_MARHT	1:1	686648
Q5SJX1_THET8	F2NQP6_MARHT	1:1	984541
Q5SJX0_THET8	F2NQP5_MARHT	1:1	
Q5SJW7_THET8	F2NQQ2_MARHT	1:1	
Q5SJW3_THET8	F2NQP1_MARHT	1:1	772487
Q5SJW2_THET8	F2NLM3_MARHT	1:1	1052068
Q5SJW1_THET8	F2NLM2_MARHT	1:1	1171159
Q5SJW0_THET8	F2NLM1_MARHT	1:1	1120381
Q5SJV9	F2NP95_MARHT	1:1	1164135
Q5SJV8	F2NLH9_MARHT	1:1	1171430
Q5SJV6_THET8	F2NK54_MARHT	1:1	1164547
Q5SJV4_THET8	F2NLK9_MARHT	1:1	1073802
Q5SJV3_THET8	F2NQL7_MARHT	1:1	680932
Q5SMG3_THET8	F2NQL6_MARHT	1:1	967903
Q5SMG2_THET8	F2NQL5_MARHT	1:1	939978
Q8RR57	F2NQL4_MARHT	1:1	1189215
Q5SMF9_THET8	F2NR36_MARHT	1:1	1132722
Q5SMF8_THET8	F2NQL3_MARHT	1:1	1183008
P09403	F2NQL2_MARHT	1:1	1187784
Q5SJV1	F2NP78_MARHT	1:1	1163474
Q5SJV0_THET8	F2NP79_MARHT	1:1	938997
Q5SJU9_THET8	F2NPA1_MARHT	1:1	1128411
Q5SJU8_THET8	F2NPA0_MARHT	1:1	680929
Q56419	F2NQI6_MARHT	1:1	1139564
Q5SJT3_THET8	F2NQI7_MARHT	1:1	1170519
Q56416	F2NQI8_MARHT	1:1	1168459
Q5SJT1_THET8	F2NLC5_MARHT	1:1	1151013
Q5SJT0_THET8	F2NLI1_MARHT	1:1	1176525
Q5SJS9	F2NLI0_MARHT	1:1	1106346
Q5SJS8_THET8	F2NQC4_MARHT	1:1	1006883
Q5SJS7	F2NLI6_MARHT	1:1	1184820
Q5SJS4	F2NLI5_MARHT	1:1	1128408
Q5SJS0_THET8	F2NQN7_MARHT	1:1	666742
Q5SJR9_THET8	F2NQN6_MARHT	1:1	1178743
Q5SJR1	F2NQL1_MARHT	1:1	1135947
Q5SJQ9	F2NPA5_MARHT	1:1	1131067
Q5SJQ7_THET8	F2NPA6_MARHT	1:1	
Q5SJQ6_THET8	F2NPA7_MARHT	1:1	1185917
Q5SJQ5_THET8	F2NP57_MARHT	1:1	1016018
Q5SJQ4_THET8	F2NKT2_MARHT	1:1	1050413
Q5SJQ3_THET8	F2NKT1_MARHT	1:1	1089023
Q5SJQ2_THET8	F2NK29_MARHT	1:1	712069
Q5SJQ1	F2NK30_MARHT	1:1	1163713
Q5SJQ0_THET8	F2NK31_MARHT	1:1	
Q5SJP9_THET8	F2NK32_MARHT	1:1	
Q5SJP8	F2NK33_MARHT	1:1	1105039
Q5SJP7	F2NK34_MARHT	1:1	1085416
Q5SJP6_THET8	F2NK35_MARHT	1:1	1013558
Q5SJP3_THET8	F2NK41_MARHT	1:1	1076183
Q5SJP2_THET8	F2NK43_MARHT	1:1	970034
Q5SJP1_THET8	F2NK44_MARHT	1:1	1070218
Q5SJN9_THET8	F2NLK5_MARHT	1:1	1175009
Q5SJN8_THET8	F2NLK4_MARHT	1:1	
Q5SJN6_THET8	F2NLK2_MARHT	1:1	1162259
Q5SJN5_THET8	F2NLK0_MARHT	1:1	1099576
Q5SJN4_THET8	F2NQM0_MARHT	1:1	
Q5SJN3_THET8	F2NQF4_MARHT	1:1	
Q5SJN0_THET8	F2NQJ0_MARHT	1:1	1146006
Q5SJM8_THET8	F2NM38_MARHT	1:1	1065774
Q5SJM7_THET8	F2NL62_MARHT	1:1	910703
Q5SJM5_THET8	F2NN78_MARHT	1:1	
Q5SJM4	F2NN77_MARHT	1:1	1168877
Q5SJM3_THET8	F2NN76_MARHT	1:1	1187185
Q5SJM2_THET8	F2NP41_MARHT	1:1	
Q5SJM1_THET8	F2NK42_MARHT	1:1	1171160
Q5SJM0_THET8	F2NR59_MARHT	1:1	1117934
Q5SJL9_THET8	F2NQ36_MARHT	1:1	735764
Q5SJL5_THET8	F2NK81_MARHT	1:1	885740
Q5SJL2_THET8	F2NQF2_MARHT	1:1	1169781
Q5SJL0_THET8	F2NKF8_MARHT	1:1	981152
Q5SJK9_THET8	F2NKF9_MARHT	1:1	61507
Q5SJK6_THET8	F2NNT0_MARHT	1:1	
Q5SJK5_THET8	F2NNS9_MARHT	1:1	
Q5SJJ7_THET8	F2NNG9_MARHT	1:1	61635
Q5SJJ6_THET8	F2NNH0_MARHT	1:1	60599
Q5SJI0_THET8	F2NLG9_MARHT	1:1	
Q5SJH9_THET8	F2NP51_MARHT	1:1	1043219
Q5SJH8_THET8	F2NLH2_MARHT	1:1	
P60490	F2NPH2_MARHT	1:1	1188975
Q5SJH6	F2NPH3_MARHT	1:1	1148124
Q5SJH5	F2NPH4_MARHT	1:1	1154282
Q5SJH4_THET8	F2NPH5_MARHT	1:1	1127405
Q5SJH3	F2NPH6_MARHT	1:1	680951
Q5SJH2_THET8	F2NPH7_MARHT	1:1	680915
Q5SJH0_THET8	F2NLC7_MARHT	1:1	1183484
Q5SJG9_THET8	F2NLC8_MARHT	1:1	1184237
Q5SJG8_THET8	F2NP50_MARHT	1:1	
P41255	F2NP49_MARHT	1:1	1122126
Q5SJG6	F2NP48_MARHT	1:1	1172899
Q5SJG5_THET8	F2NP47_MARHT	1:1	61649
Q5SJG4_THET8	F2NP67_MARHT	1:1	923146
Q5SJG3	F2NP68_MARHT	1:1	1178160
Q5SJG2_THET8	F2NP69_MARHT	1:1	
Q5SJG1_THET8	F2NP70_MARHT	1:1	61429
Q5SJG0	F2NP71_MARHT	1:1	1071767
Q5SJF9_THET8	F2NP72_MARHT	1:1	1178472
Q5SJF8	F2NP73_MARHT	1:1	1140967
Q5SJF5_THET8	F2NP75_MARHT	1:1	1052090
P52028	F2NP76_MARHT	1:1	876109
Q5SMH2	F2NP77_MARHT	1:1	1105047
Q5SMH1_THET8	F2NQA6_MARHT	1:1	1026570
Q5SMH0	F2NQA7_MARHT	1:1	1014768
Q5SMG9_THET8	F2NNR6_MARHT	1:1	
Q5SMG8	F2NPH8_MARHT	1:1	1011165
Q5SJF3_THET8	F2NPN1_MARHT	1:1	1084114
Q5SJF2_THET8	F2NKC5_MARHT	1:1	1165384
Q5SJF1_THET8	F2NKC6_MARHT	1:1	1184308
Q5SJF0_THET8	F2NKC7_MARHT	1:1	1141225
Q5SJE9_THET8	F2NQN2_MARHT	1:1	680940
Q5SJE8	F2NQN3_MARHT	1:1	1130430
P56690	F2NQN4_MARHT	1:1	639907
Q5SJE6_THET8	F2NQL0_MARHT	1:1	974831
Q5SJE5_THET8	F2NQS3_MARHT	1:1	1164773
Q5SJE4_THET8	F2NQS4_MARHT	1:1	681231
Q5SJE3_THET8	F2NMF0_MARHT	1:1	1172655
Q5SJE2	F2NME9_MARHT	1:1	1178855
Q5SJE1	F2NMG4_MARHT	1:1	888539
Q5SJD9	F2NMK5_MARHT	1:1	
Q5SJD8	F2NMK6_MARHT	1:1	1155869
Q5SJD7_THET8	F2NMK7_MARHT	1:1	865677
Q5SJD6_THET8	F2NMK8_MARHT	1:1	1171776
Q5SJD5_THET8	F2NMK9_MARHT	1:1	1183793
Q5SJD4_THET8	F2NML0_MARHT	1:1	61340
Q5SJD3_THET8	F2NML1_MARHT	1:1	680914
Q5SJD2	F2NML2_MARHT	1:1	978853
Q5SJD1_THET8	F2NML3_MARHT	1:1	1182079
Q5SJD0_THET8	F2NML4_MARHT	1:1	
Q5SJC9_THET8	F2NML5_MARHT	1:1	863539
Q5SJC8	F2NML6_MARHT	1:1	994008
Q5SJC7_THET8	F2NML7_MARHT	1:1	963087
Q5SJC6_THET8	F2NML8_MARHT	1:1	1172846
Q5SJC5_THET8	F2NML9_MARHT	1:1	1187278
Q5SJC4	F2NME6_MARHT	1:1	1165623
Q5SJC3_THET8	F2NQH7_MARHT	1:1	1167805
Q5SJC2_THET8	F2NPB3_MARHT	1:1	1179256
Q5SJC0	F2NQK5_MARHT	1:1	1175818
Q5SJB9	F2NQK4_MARHT	1:1	1147812
Q5SJB8	F2NLJ0_MARHT	1:1	1106063
P26996	F2NLB5_MARHT	1:1	1183126
Q5SJB6_THET8	F2NLB6_MARHT	1:1	923453
Q5SJB5_THET8	F2NLB7_MARHT	1:1	681188
Q5SJB4_THET8	F2NLJ6_MARHT	1:1	61334
Q5SJB3_THET8	F2NLJ5_MARHT	1:1	61665
Q5SJB2_THET8	F2NLJ4_MARHT	1:1	60782
Q5SJB1_THET8	F2NLJ3_MARHT	1:1	910847
Q5SJB0_THET8	F2NLJ1_MARHT	1:1	1148443
Q5SJA7_THET8	F2NLW6_MARHT	1:1	61666
Q5SJA6_THET8	F2NLW8_MARHT	1:1	1173549
Q5SJA3_THET8	F2NQ82_MARHT	1:1	
Q5SJA1	F2NNI5_MARHT	1:1	1151466
Q5SJA0_THET8	F2NMP1_MARHT	1:1	835963
Q5SJ99_THET8	F2NQE5_MARHT	n:1	1095746
Q5SJ97_THET8	F2NNY5_MARHT	1:1	
Q5SJ95_THET8	F2NNY3_MARHT	1:1	1183582
Q5SJ94	F2NNY2_MARHT	1:1	1185504
Q5SJ93	F2NNY1_MARHT	1:1	1064961
Q5SJ92_THET8	F2NNY0_MARHT	1:1	994532
Q5SJ91_THET8	F2NNX9_MARHT	1:1	1185734
Q5SJ90_THET8	F2NNX8_MARHT	1:1	680993
Q76G20	F2NNX7_MARHT	1:1	1189063
Q5SJ88_THET8	F2NNX6_MARHT	1:1	1155316
Q5SJ85	F2NMN7_MARHT	1:1	1170142
Q5SJ84_THET8	F2NM62_MARHT	1:1	1146227
Q5SJ83_THET8	F2NM63_MARHT	1:1	1040303
Q5SJ82_THET8	F2NM64_MARHT	1:1	1072413
Q5SJ80	F2NQ10_MARHT	1:1	972660
Q5SJ79	F2NQ13_MARHT	1:1	685438
Q5SJ76	F2NM77_MARHT	1:1	1185460
Q5SJ75	F2NM76_MARHT	1:1	1189138
Q5SJ74_THET8	F2NM75_MARHT	1:1	1186240
Q5SJ72_THET8	F2NMM0_MARHT	n:1	
Q5SJ70_THET8	F2NKD0_MARHT	1:1	1120371
Q5SJ69_THET8	F2NKD1_MARHT	1:1	1179155
Q5SJ68_THET8	F2NKD2_MARHT	1:1	930269
Q5SJ66_THET8	F2NKD3_MARHT	1:1	1151179
Q5SJ65	F2NKD5_MARHT	1:1	1181273
Q5SJ61_THET8	F2NN04_MARHT	1:1	1039156
Q5SJ59_THET8	F2NNS6_MARHT	1:m	
Q5SJ59_THET8	F2NN02_MARHT	1:m	1086058
Q5SJ58	F2NPA4_MARHT	1:1	
Q5SJ57_THET8	F2NQ48_MARHT	1:1	1145625
Q5SJ56_THET8	F2NQ47_MARHT	1:1	683219
Q5SJ55_THET8	F2NPC3_MARHT	1:1	
Q5SJ53_THET8	F2NPC1_MARHT	1:1	
Q5SJ50_THET8	F2NK74_MARHT	1:1	1169276
Q5SJ49	F2NP15_MARHT	1:1	1187600
Q5SJ47	F2NP24_MARHT	1:1	1067737
Q5SJ46_THET8	F2NP25_MARHT	1:1	61767
Q5SJ45	F2NP26_MARHT	1:1	639906
Q5SJ44_THET8	F2NPC7_MARHT	1:1	1096035
Q5SJ43_THET8	F2NPC8_MARHT	1:1	681304
Q5SJ41_THET8	F2NKV5_MARHT	1:1	681082
Q5SJ40_THET8	F2NKV4_MARHT	1:1	681036
Q5SJ39	F2NKV3_MARHT	1:1	1187998
Q5SJ38_THET8	F2NKV2_MARHT	1:1	691954
Q5SJ37_THET8	F2NKV1_MARHT	1:1	1182156
Q5SJ36_THET8	F2NR79_MARHT	1:1	939946
Q5SJ35	F2NR80_MARHT	1:1	1137683
Q5SJ34_THET8	F2NR81_MARHT	1:1	1079536
Q5SJ33_THET8	F2NNW0_MARHT	1:1	696593
Q5SJ32_THET8	F2NNV9_MARHT	1:1	1175247
Q5SJ31_THET8	F2NNV4_MARHT	1:1	
Q5SJ30_THET8	F2NNV3_MARHT	1:1	15976
Q5SJ29_THET8	F2NKU5_MARHT	1:1	1184524
Q5SJ28	F2NLW4_MARHT	1:1	1064050
Q5SJ27_THET8	F2NLW3_MARHT	1:1	893966
Q5SJ26	F2NLW2_MARHT	1:1	1180880
Q5SJ25_THET8	F2NLW1_MARHT	1:1	1081673
Q5SJ24_THET8	F2NLW0_MARHT	1:1	61416
Q5SJ23_THET8	F2NLV9_MARHT	1:1	
Q5SJ22_THET8	F2NLV8_MARHT	1:1	943808
Q5SJ21_THET8	F2NM80_MARHT	1:1	
Q5SJ20_THET8	F2NM79_MARHT	1:1	61547
Q5SJ19_THET8	F2NPI7_MARHT	1:1	948420
Q5SJ18	F2NPI9_MARHT	1:1	1185411
Q5SJ17_THET8	F2NPJ0_MARHT	1:1	1187634
Q5SJ15_THET8	F2NPJ1_MARHT	1:1	960479
Q5SJ14_THET8	F2NPJ4_MARHT	1:1	1024918
Q5SJ11	F2NPJ5_MARHT	1:1	1151002
Q5SJ10_THET8	F2NPJ6_MARHT	1:1	1064018
Q5SJ09_THET8	F2NPJ8_MARHT	1:1	
Q5SJ08_THET8	F2NPJ7_MARHT	1:1	
Q5SJ06_THET8	F2NL85_MARHT	1:1	1080322
Q5SJ05_THET8	F2NPE7_MARHT	1:1	
Q5SJ04_THET8	F2NQH6_MARHT	1:1	1080319
Q5SJ03	F2NQH5_MARHT	1:1	1187619
Q5SJ02_THET8	F2NQH4_MARHT	1:1	1164990
Q5SJ01_THET8	F2NQH3_MARHT	1:1	1187476
Q5SIZ9_THET8	F2NMI2_MARHT	1:1	1037468
Q5SIZ8_THET8	F2NL48_MARHT	1:1	61681
Q5SIY8_THET8	F2NMA7_MARHT	1:1	45393
Q5SIY7_THET8	F2NMA6_MARHT	1:1	1178583
Q9ZND5	F2NQH1_MARHT	1:1	1185558
Q9ZND4	F2NQH0_MARHT	1:1	1048634
Q5SIY4	F2NQG9_MARHT	1:1	1152634
Q5SIY1_THET8	F2NQG8_MARHT	1:1	836644
Q5SIY0	F2NQG7_MARHT	1:1	
Q5SIX3_THET8	F2NMD7_MARHT	1:1	
Q5SIX2_THET8	F2NMD6_MARHT	1:1	1136035
Q5SIX1_THET8	F2NMD5_MARHT	1:1	680946
Q5SIX0_THET8	F2NL63_MARHT	1:m	910706
Q5SIX0_THET8	F2NMH7_MARHT	1:m	
Q5SIW8_THET8	F2NMH9_MARHT	1:1	1184235
Q5SIW7_THET8	F2NMI0_MARHT	1:1	897124
Q5SIW6	F2NQX2_MARHT	1:1	680945
Q5SIW5_THET8	F2NQX1_MARHT	1:1	706108
Q5SIW3	F2NMM2_MARHT	1:1	1188536
Q5SIW2	F2NMM3_MARHT	1:1	1086407
Q5SIW1_THET8	F2NMB5_MARHT	1:1	49914
Q5SIW0_THET8	F2NMB4_MARHT	1:1	963086
Q5SIV9_THET8	F2NMB3_MARHT	1:1	939979
Q5SIV7_THET8	F2NP44_MARHT	1:1	1168663
Q5SIV6_THET8	F2NQB0_MARHT	1:1	61030
Q5SIV5_THET8	F2NQA9_MARHT	1:1	15479
Q5SIV4_THET8	F2NQA8_MARHT	1:1	1182862
Q5SIV2_THET8	F2NP37_MARHT	1:1	1180197
Q5SIV1_THET8	F2NP35_MARHT	1:1	1031297
Q5SIV0_THET8	F2NP33_MARHT	1:1	1002372
Q5SIU9_THET8	F2NP32_MARHT	1:1	1002378
Q5SIU8_THET8	F2NP31_MARHT	1:1	680936
Q5SIU7_THET8	F2NP30_MARHT	1:1	61338
O87880	F2NQW9_MARHT	1:1	1140909
Q56404	F2NK85_MARHT	1:1	995542
Q56403	F2NK86_MARHT	1:1	995543
P74903	F2NK87_MARHT	1:1	1009643
P74902	F2NK88_MARHT	1:1	1089014
P74901	F2NK89_MARHT	1:1	1152741
Q5SIT7_THET8	F2NK90_MARHT	1:1	1075180
Q5SIT6_THET8	F2NK91_MARHT	1:1	1117756
Q5SIT5_THET8	F2NK92_MARHT	1:1	60576
Q5SIT4_THET8	F2NK93_MARHT	1:1	1039594
Q5SIT3_THET8	F2NK94_MARHT	1:1	61047
Q5SIT1	F2NK96_MARHT	1:1	836428
Q5SIT0_THET8	F2NK97_MARHT	1:1	
Q5SIS9_THET8	F2NK98_MARHT	1:1	686868
Q5SIS8_THET8	F2NLF8_MARHT	1:1	680948
Q5SIS7_THET8	F2NNB1_MARHT	1:1	669958
Q5SIS6_THET8	F2NLF9_MARHT	1:1	681219
Q5SIS5_THET8	F2NLG0_MARHT	1:1	1083289
Q5SIS2_THET8	F2NM69_MARHT	1:1	1045912
Q5SIS1_THET8	F2NMF1_MARHT	1:1	61349
Q5SIS0_THET8	F2NQS5_MARHT	1:1	1168719
Q5SIR9_THET8	F2NQS6_MARHT	1:1	
Q5SIR8_THET8	F2NQS7_MARHT	1:1	1087954
P23395	F2NQI2_MARHT	1:1	1167656
Q5SIR5	F2NQH9_MARHT	1:1	1174593
Q5SIR4_THET8	F2NQH8_MARHT	1:1	680958
Q5SMF2_THET8	F2NNW1_MARHT	1:1	1132495
Q5SMF1_THET8	F2NMJ5_MARHT	1:1	61335
Q5SMF0_THET8	F2NMJ4_MARHT	1:1	61355
Q5SME9	F2NMJ3_MARHT	1:1	1187997
Q5SME8_THET8	F2NKM7_MARHT	1:1	903047
Q5SIQ9_THET8	F2NQU9_MARHT	1:1	960505
Q5SIQ8_THET8	F2NQV0_MARHT	1:1	60698
Q5SIQ7	F2NQV1_MARHT	1:1	1186813
Q5SIQ6_THET8	F2NQV2_MARHT	1:1	681009
Q5SIQ5_THET8	F2NQV3_MARHT	1:1	910950
Q5SIQ4_THET8	F2NQV5_MARHT	1:1	685077
Q5SIP9_THET8	F2NPD9_MARHT	1:1	
Q9RA54	F2NPE2_MARHT	1:1	1055757
Q56239	F2NPE3_MARHT	1:1	1186349
Q5SIP0	F2NLE3_MARHT	1:1	1068685
Q5SIN9_THET8	F2NK37_MARHT	n:m	
Q5SIN9_THET8	F2NN49_MARHT	n:m	
Q5SIN8_THET8	F2NLE1_MARHT	1:1	681180
Q5SIN5_THET8	F2NLD9_MARHT	1:1	
Q5SIN4_THET8	F2NLD8_MARHT	1:m	681215
Q5SIN4_THET8	F2NN45_MARHT	1:m	
Q5SIN1_THET8	F2NLD5_MARHT	1:m	
Q5SIN1_THET8	F2NRA9_MARHT	1:m	
Q5SIN0_THET8	F2NLD4_MARHT	1:1	990662
Q5SIM9_THET8	F2NLD3_MARHT	1:1	972413
Q5SIM8_THET8	F2NQU3_MARHT	1:1	681189
Q5SIM7_THET8	F2NQU4_MARHT	1:1	681242
Q5SIM6_THET8	F2NMC3_MARHT	1:1	995280
Q5SIM5_THET8	F2NMC2_MARHT	1:1	885917
Q5SIM4_THET8	F2NQY9_MARHT	1:1	886249
Q5SIM3_THET8	F2NKY7_MARHT	1:1	61022
Q5SIM2	F2NKY8_MARHT	1:1	1111591
Q5SIM1_THET8	F2NKY9_MARHT	1:1	1128598
P19436	F2NKZ2_MARHT	1:1	1095977
Q5SIL9_THET8	F2NQU5_MARHT	1:1	1003792
Q5SIL8_THET8	F2NQU6_MARHT	1:1	
Q5SIL7_THET8	F2NQU7_MARHT	1:m	681437
Q5SIL7_THET8	F2NPS0_MARHT	1:m	
Q5SIL6_THET8	F2NPC9_MARHT	1:1	1160507
Q5SIL5	F2NQR7_MARHT	1:1	1148062
Q5SIL4	F2NLE8_MARHT	1:1	1186251
Q7SIA8	F2NLE5_MARHT	1:1	1162473
Q5SIL0	F2NLE4_MARHT	1:1	699527
Q5SIK9_THET8	F2NLP4_MARHT	1:1	1155179
Q5SIK8_THET8	F2NLQ9_MARHT	1:1	61196
Q5SIK7_THET8	F2NLQ8_MARHT	1:1	681923
Q5SIK6_THET8	F2NLQ7_MARHT	1:1	682984
Q5SIK4_THET8	F2NKJ9_MARHT	1:1	1123393
Q5SIK3_THET8	F2NKK0_MARHT	1:1	1182705
Q5SIK2_THET8	F2NKK2_MARHT	1:1	1167578
Q5SIK1_THET8	F2NMC8_MARHT	1:1	
Q5SIK0_THET8	F2NMC7_MARHT	1:1	690397
Q5SIJ9_THET8	F2NMC6_MARHT	1:1	
Q5SIJ7_THET8	F2NLW5_MARHT	1:1	640753
Q5SIJ6_THET8	F2NKF7_MARHT	1:1	1127925
Q5SIJ5	F2NKG1_MARHT	1:1	1176267
Q5SIJ3_THET8	F2NLR5_MARHT	1:1	
Q5SIJ2_THET8	F2NQQ3_MARHT	1:1	61680
Q5SIJ1	F2NQQ4_MARHT	1:1	1152636
Q5SIJ0_THET8	F2NQQ5_MARHT	1:1	951439
Q5SII9_THET8	F2NQQ6_MARHT	1:1	60750
Q5SII8_THET8	F2NQQ7_MARHT	1:1	60751
Q5SII7_THET8	F2NQQ8_MARHT	1:1	713180
Q5SII5	F2NQR4_MARHT	1:1	1187817
Q5SII4	F2NQR5_MARHT	1:1	972982
Q5SII3_THET8	F2NQR6_MARHT	1:1	1124295
Q5SII2	F2NM27_MARHT	1:1	681361
Q5SII1	F2NKF3_MARHT	1:1	639284
Q5SIH8_THET8	F2NLX9_MARHT	1:1	1182337
Q5SIH7	F2NLY0_MARHT	1:1	923192
Q5SIH6_THET8	F2NLY1_MARHT	1:1	1187396
Q5SIH5	F2NLY2_MARHT	1:1	1186684
Q5SIH4_THET8	F2NLY3_MARHT	1:1	61339
P80380	F2NLV6_MARHT	1:1	1183277
Q5SIH1_THET8	F2NLV5_MARHT	1:1	61686
Q5SIH0	F2NLV4_MARHT	1:1	1188355
Q5SIG9_THET8	F2NLV2_MARHT	1:1	958565
Q5SIG8_THET8	F2NMW2_MARHT	1:1	60594
Q5SIG7_THET8	F2NMW3_MARHT	1:1	888594
Q5SIG6_THET8	F2NMW4_MARHT	n:1	682042
Q5SIG5_THET8	F2NMW5_MARHT	1:1	681359
Q5SIG4	F2NLV1_MARHT	1:1	639043
Q5SIG3_THET8	F2NLU9_MARHT	1:1	950993
Q5SIG2_THET8	F2NLU8_MARHT	1:1	964726
Q5SIG1_THET8	F2NLU7_MARHT	1:1	
Q5SIG0_THET8	F2NLU6_MARHT	1:1	874675
Q5SME3	F2NQV4_MARHT	1:1	
Q5SIF0_THET8	F2NNE4_MARHT	1:1	686433
Q5SIE9_THET8	F2NNE5_MARHT	1:1	1170292
Q5SIE8_THET8	F2NK75_MARHT	1:1	61400
Q5SIE7_THET8	F2NK78_MARHT	1:1	981101
Q5SIE5_THET8	F2NKB8_MARHT	1:1	902623
Q5SIE4_THET8	F2NLM4_MARHT	n:m	681526
Q5SIE4_THET8	F2NLM5_MARHT	n:m	
Q5SIE3	F2NLL8_MARHT	1:1	1079622
Q5SIE0_THET8	F2NQE2_MARHT	1:1	1180194
Q5SID9_THET8	F2NQE1_MARHT	1:1	
Q5SID8_THET8	F2NQE0_MARHT	1:1	682479
Q5SID7	F2NQD9_MARHT	1:1	680990
Q5SID6	F2NQD7_MARHT	1:1	947267
Q56242	F2NR39_MARHT	1:1	1027494
Q5SID2	F2NLG6_MARHT	1:1	1148876
Q7SIB9	F2NPD0_MARHT	1:1	1187601
Q5SIC9_THET8	F2NPD1_MARHT	1:1	978993
Q5SIC8_THET8	F2NPD2_MARHT	1:1	1166708
Q5SIC5_THET8	F2NK82_MARHT	1:1	1134573
Q5SIC3_THET8	F2NK84_MARHT	1:1	61694
Q5SIC2	F2NLF7_MARHT	1:1	1122129
Q5SIC1_THET8	F2NKA1_MARHT	1:1	1108609
Q5SIC0_THET8	F2NKA2_MARHT	1:1	1006536
Q5SIB9_THET8	F2NKA3_MARHT	1:1	969954
Q5SIB8_THET8	F2NKA4_MARHT	1:1	946346
Q5SIB7_THET8	F2NKA5_MARHT	1:1	1021987
Q5SIB6_THET8	F2NQF1_MARHT	1:1	988136
Q5SIB5_THET8	F2NQF0_MARHT	1:1	684561
Q5SIB4_THET8	F2NQE9_MARHT	1:1	875709
Q5SIB3_THET8	F2NQE8_MARHT	1:1	1131512
Q5SIB2_THET8	F2NQE7_MARHT	1:1	1081857
Q5SIB1_THET8	F2NLM4_MARHT	n:m	
Q5SIB1_THET8	F2NLM5_MARHT	n:m	681525
P80374	F2NM51_MARHT	1:1	1055846
P60488	F2NM52_MARHT	1:1	1189233
Q5SIA8	F2NMJ1_MARHT	1:1	1187963
Q5SIA6_THET8	F2NK52_MARHT	1:1	1027518
Q5SIA4_THET8	F2NKT4_MARHT	1:1	895866
Q5SIA3_THET8	F2NNV2_MARHT	1:1	985740
Q5SIA2_THET8	F2NPT4_MARHT	1:1	683265
Q5SIA1_THET8	F2NPT3_MARHT	1:1	1155580
Q5SIA0_THET8	F2NKU4_MARHT	1:1	667297
Q5SI99_THET8	F2NLU4_MARHT	1:1	874331
Q5SI98_THET8	F2NLU2_MARHT	1:1	684309
Q5SI97_THET8	F2NLU1_MARHT	1:1	1037568
Q5SI94_THET8	F2NLU0_MARHT	1:1	639550
Q5SI92_THET8	F2NMT7_MARHT	1:1	969754
Q5SI90_THET8	F2NLT9_MARHT	1:1	
Q9RA63	F2NMX7_MARHT	1:1	1169303
P77527	F2NKZ7_MARHT	1:1	61698
Q56237	F2NKZ6_MARHT	1:1	
Q56236	F2NKZ5_MARHT	1:1	1124708
Q56235	F2NKZ4_MARHT	1:1	680920
Q5SI82	F2NKZ3_MARHT	1:1	681743
Q5SI81_THET8	F2NLZ8_MARHT	1:1	1039598
Q5SI78_THET8	F2NP08_MARHT	1:1	1170141
Q5SI77_THET8	F2NMC1_MARHT	1:1	923866
Q5SI76_THET8	F2NMC0_MARHT	1:1	681799
Q5SI75_THET8	F2NMB9_MARHT	1:1	
Q5SI73_THET8	F2NN80_MARHT	1:1	
Q5SI72_THET8	F2NMM7_MARHT	1:1	681291
Q5SI71_THET8	F2NMM8_MARHT	1:1	
Q5SI69_THET8	F2NMN4_MARHT	1:1	160318
Q5SI68	F2NMN5_MARHT	1:1	1185443
Q5SI67_THET8	F2NMN6_MARHT	1:1	1000210
Q5SI66_THET8	F2NKZ8_MARHT	1:1	1023080
Q5SI65_THET8	F2NKZ9_MARHT	1:1	
Q5SI61_THET8	F2NNU4_MARHT	1:1	1175147
Q5SI59_THET8	F2NNU3_MARHT	1:1	990324
Q5SI58_THET8	F2NNU2_MARHT	1:1	1133644
Q5SI57	F2NNU1_MARHT	1:1	1165309
Q5SMH9_THET8	F2NNU0_MARHT	1:1	1061901
Q5SMH8	F2NNT9_MARHT	1:1	1166501
Q5SMH7_THET8	F2NNT8_MARHT	1:1	1187759
Q5SMH5_THET8	F2NK99_MARHT	1:1	991826
Q5SI56	F2NLX7_MARHT	1:1	1184047
Q5SI55_THET8	F2NQS2_MARHT	1:1	1188800
Q5SI54_THET8	F2NQD6_MARHT	1:1	
Q5SI52_THET8	F2NQS8_MARHT	1:1	61351
Q5SI49	F2NP90_MARHT	1:1	1168687
Q5SI48_THET8	F2NR66_MARHT	1:1	1035063
Q5SI46_THET8	F2NLK8_MARHT	1:1	682576
Q5SI44_THET8	F2NK20_MARHT	1:1	1160165
Q5SI38	F2NP91_MARHT	1:1	1118039
Q5SI34_THET8	F2NP87_MARHT	1:1	1076180
Q5SI32	F2NM43_MARHT	1:1	1186319
Q5SI31_THET8	F2NKV9_MARHT	1:1	1154438
Q5SI30_THET8	F2NKV8_MARHT	1:1	668588
Q5SI29	F2NKV7_MARHT	1:1	1098704
Q5SI28	F2NQD0_MARHT	1:1	954290
Q5SI25_THET8	F2NQD2_MARHT	1:1	1159466
P29253	F2NQD4_MARHT	1:1	1067646
Q5SI23_THET8	F2NQD5_MARHT	1:1	1151178
Q5SI22_THET8	F2NKA6_MARHT	1:1	1183117
Q5SI21	F2NKA7_MARHT	1:1	1096877
Q5SI20_THET8	F2NKA8_MARHT	1:1	1165789
Q8RQE7	F2NKA9_MARHT	1:1	61098
Q5SI18	F2NKB0_MARHT	1:1	680913
Q5SI16	F2NLY5_MARHT	1:1	
Q5SI15_THET8	F2NLN8_MARHT	1:1	1132364
Q5SI14	F2NLN7_MARHT	1:1	1151426
Q5SI13_THET8	F2NLN6_MARHT	1:1	683552
Q5SI12	F2NLN5_MARHT	1:1	1121202
Q5SI11_THET8	F2NNX3_MARHT	1:1	61672
Q5SI08_THET8	F2NNQ5_MARHT	1:1	
Q5SI06_THET8	F2NNX2_MARHT	1:1	
Q5SI05_THET8	F2NNX1_MARHT	1:1	
Q5SI04_THET8	F2NNX0_MARHT	1:1	1173723
Q5SI03_THET8	F2NM87_MARHT	1:1	1173732
Q5SI02_THET8	F2NPT7_MARHT	1:1	1169784
Q5SI01_THET8	F2NPT8_MARHT	1:1	1174394
Q5SI00_THET8	F2NPT9_MARHT	1:1	
Q5SHZ8	F2NQ60_MARHT	1:1	
P29749	F2NKN6_MARHT	1:1	46989
Q5SHZ5_THET8	F2NNJ5_MARHT	1:1	61689
Q5SHZ4	F2NNJ4_MARHT	1:1	1186250
Q5SHZ3	F2NKW2_MARHT	1:1	1107567
Q5SHZ2	F2NKW1_MARHT	1:1	1117245
Q5SHZ1	F2NKW0_MARHT	1:1	1133650
Q5SHY6_THET8	F2NNY8_MARHT	1:1	720044
Q5SHY5_THET8	F2NNY9_MARHT	1:1	686618
Q5SHY3_THET8	F2NNZ2_MARHT	1:1	686012
Q5SHY2_THET8	F2NNZ3_MARHT	1:1	1187414
Q5SHY1	F2NNZ4_MARHT	1:1	1163193
Q5SHY0	F2NNZ5_MARHT	1:1	1189082
Q5SHX9_THET8	F2NNZ6_MARHT	1:1	60702
Q5SHX8_THET8	F2NNZ7_MARHT	1:1	970518
Q5SHX7_THET8	F2NNZ8_MARHT	1:1	
Q5SHX6_THET8	F2NNZ9_MARHT	1:1	863622
Q5SHX5_THET8	F2NQS9_MARHT	1:1	1058611
Q5SHX4_THET8	F2NM35_MARHT	1:1	1150233
Q5SHX3	F2NM34_MARHT	1:1	1121582
Q5SHX1_THET8	F2NM33_MARHT	1:1	47572
Q5SHX0_THET8	F2NM29_MARHT	1:1	1149523
Q5SHW9_THET8	F2NM28_MARHT	1:1	946451
Q5SHW7_THET8	F2NPH9_MARHT	1:1	1055020
Q5SHW6_THET8	F2NPI0_MARHT	1:1	1055018
Q5SHW5_THET8	F2NPI1_MARHT	1:1	1071070
Q5SHW3_THET8	F2NPI2_MARHT	1:1	1158870
Q5SHW2_THET8	F2NM60_MARHT	1:1	1187999
Q5SHW1	F2NNH5_MARHT	1:1	1095803
Q5SHV9_THET8	F2NNI1_MARHT	1:1	639458
Q5SHV8_THET8	F2NKM9_MARHT	1:1	1040759
Q5SHV7_THET8	F2NKN0_MARHT	1:1	902615
Q5SHV6_THET8	F2NPS5_MARHT	1:1	1181634
Q5SHV3_THET8	F2NMT3_MARHT	1:1	1073274
Q5SHV2_THET8	F2NKR5_MARHT	1:1	666888
Q5SHV1_THET8	F2NMT5_MARHT	1:1	681488
Q5SHV0_THET8	F2NMT6_MARHT	1:1	681287
Q5SHU9	F2NMT9_MARHT	1:1	1173051
Q5SHU8_THET8	F2NKB3_MARHT	1:1	
Q5SHU7_THET8	F2NKB4_MARHT	1:1	
Q5SHU6_THET8	F2NKB5_MARHT	1:1	1089654
Q5SHU5_THET8	F2NKB6_MARHT	1:1	
Q5SHU4_THET8	F2NKB7_MARHT	1:1	974858
Q5SHU3_THET8	F2NQ81_MARHT	1:1	
Q5SHU2_THET8	F2NQ80_MARHT	1:1	878321
Q5SHU1_THET8	F2NQ79_MARHT	1:1	61763
Q5SHU0_THET8	F2NQ61_MARHT	1:1	1144962
Q5SHT8	F2NQ62_MARHT	1:1	1177620
Q5SHT7	F2NKU6_MARHT	1:1	1102911
Q5SHT5	F2NN60_MARHT	1:1	1186350
Q5SHS8_THET8	F2NQX4_MARHT	1:1	
Q5SHS7_THET8	F2NKU9_MARHT	1:1	918233
Q5SHS6	F2NKU8_MARHT	1:1	1173575
Q5SHS5_THET8	F2NM86_MARHT	1:1	1174196
Q5SHS3	F2NM84_MARHT	1:1	1128685
Q5SHS2_THET8	F2NM83_MARHT	1:1	15728
Q5SHS1_THET8	F2NM82_MARHT	1:1	706598
Q5SHS0_THET8	F2NKC0_MARHT	1:1	1134945
Q5SHR9_THET8	F2NKC1_MARHT	1:1	
Q5SHR8_THET8	F2NNR1_MARHT	1:1	963093
Q9Z9H5	F2NMP8_MARHT	1:1	1176927
Q5SHR6	F2NMP9_MARHT	1:1	1189186
P80373	F2NMQ0_MARHT	1:1	1183355
P80376	F2NMQ1_MARHT	1:1	1125322
P80377	F2NMQ2_MARHT	1:1	1120804
Q5SHR1	F2NMQ4_MARHT	1:1	1189072
Q5SHR0_THET8	F2NMQ5_MARHT	1:1	974829
Q5SHQ9	F2NMQ6_MARHT	1:1	680921
Q5SHQ8	F2NMQ7_MARHT	1:1	1185340
Q5SHQ7	F2NMQ8_MARHT	1:1	1104312
Q5SHQ6	F2NMQ9_MARHT	1:1	1180862
Q5SHQ5	F2NMR0_MARHT	1:1	1186125
Q5SHQ4	F2NMR1_MARHT	1:1	1185539
P0DOY8	F2NMR2_MARHT	1:1	1167509
P0DOY9	F2NMR3_MARHT	1:1	1186449
P0DOY6	F2NMR4_MARHT	1:1	1184506
Q5SHQ0	F2NMR5_MARHT	1:1	1187427
Q5SHP9	F2NMR6_MARHT	1:1	1183318
Q5SHP8	F2NMR7_MARHT	1:1	1188159
P0DOY7	F2NMR8_MARHT	1:1	1181792
Q5SHP6	F2NMR9_MARHT	1:1	1098299
P60489	F2NMS0_MARHT	1:1	1189272
P80372	F2NMS1_MARHT	1:1	1181049
Q5SHP3	F2NMS2_MARHT	1:1	1183239
Q5SHP2	F2NMS3_MARHT	1:1	1189197
P60405	F2NMS4_MARHT	1:1	1187692
Q5SHP0	F2NMS5_MARHT	1:1	1148985
Q5SHN9	F2NMS6_MARHT	1:1	1164568
Q5SHN8	F2NMS7_MARHT	1:1	1189252
Q5SHN7	F2NMS8_MARHT	1:1	1188116
Q5SHN6	F2NL01_MARHT	n:1	
Q5SHN5	F2NMT0_MARHT	1:1	680919
P17291	F2NMT1_MARHT	1:1	1185183
Q5SHN3	F2NMT2_MARHT	1:1	1188215
Q5SHN2_THET8	F2NKM3_MARHT	1:1	1146221
Q5SHN1_THET8	F2NK76_MARHT	1:1	1046956
Q5SHN0_THET8	F2NKM2_MARHT	1:1	61858
Q5SHM7_THET8	F2NND7_MARHT	1:1	
Q5SHM6_THET8	F2NND6_MARHT	1:1	955132
Q5SHM5_THET8	F2NND5_MARHT	1:1	1061538
Q5SHM4_THET8	F2NMH6_MARHT	1:1	682416
Q5SHL7_THET8	F2NN13_MARHT	1:1	1176322
Q5SHL6	F2NQ02_MARHT	1:1	1175951
Q5SHL5_THET8	F2NKX8_MARHT	1:1	
Q5SHL4_THET8	F2NNP3_MARHT	1:1	712175
Q5SHL3_THET8	F2NMZ2_MARHT	1:1	1141393
Q5SHL2_THET8	F2NR75_MARHT	1:1	930203
Q5SHL1_THET8	F2NR74_MARHT	1:1	
Q5SHL0_THET8	F2NR73_MARHT	1:1	886352
Q5SHK9_THET8	F2NNI8_MARHT	n:1	
Q5SHK8_THET8	F2NNI9_MARHT	1:1	681157
Q5SHK7_THET8	F2NNJ0_MARHT	1:1	682649
Q5SHK5_THET8	F2NNJ1_MARHT	1:1	1053271
Q5SHK4_THET8	F2NLF0_MARHT	1:1	
Q5SHK2_THET8	F2NMW4_MARHT	n:1	
Q5SHJ9_THET8	F2NQ06_MARHT	1:1	836354
Q5SHJ8_THET8	F2NPT0_MARHT	1:1	950801
Q5SHJ7_THET8	F2NPS9_MARHT	1:1	886381
Q5SHJ6_THET8	F2NNI8_MARHT	n:1	639088
Q5SHJ5_THET8	F2NKH0_MARHT	1:1	1108293
Q5SHJ4_THET8	F2NKH1_MARHT	1:1	1074808
Q5SHJ0	F2NKH2_MARHT	1:1	1100847
Q5SHI9_THET8	F2NKH3_MARHT	1:1	61397
Q5SHI8	F2NKH4_MARHT	1:1	1158045
Q5SHI7_THET8	F2NKH5_MARHT	1:1	1053244
Q5SHI6_THET8	F2NNB2_MARHT	1:1	1024925
Q5SHI5_THET8	F2NNB3_MARHT	1:1	1158805
Q5SHI4	F2NKX7_MARHT	1:1	1166050
Q5SHI3_THET8	F2NKX6_MARHT	1:1	680934
Q5SHI2_THET8	F2NKR8_MARHT	1:1	1182974
Q5SHI1_THET8	F2NNN2_MARHT	1:1	1121783
Q5SHI0_THET8	F2NLY8_MARHT	1:1	
Q5SHH7_THET8	F2NLY9_MARHT	1:1	1035988
Q5SHH5	F2NQA4_MARHT	1:1	1128423
Q5SHH3	F2NQA2_MARHT	1:1	1146224
Q5SHH0_THET8	F2NR65_MARHT	1:1	683472
Q5SHG9_THET8	F2NR64_MARHT	1:1	1124044
Q5SHG8_THET8	F2NR63_MARHT	1:1	1158063
Q5SHG7_THET8	F2NR62_MARHT	1:1	1053198
Q5SHG6_THET8	F2NR61_MARHT	1:1	
Q5SHG5_THET8	F2NR60_MARHT	1:1	1046523
Q5SHG4_THET8	F2NQ25_MARHT	1:1	1051094
Q5SHG3	F2NQ24_MARHT	1:1	1151177
Q5SHG2	F2NQ23_MARHT	1:1	1151176
Q5SHG1_THET8	F2NQ22_MARHT	1:1	1117813
Q5SHG0_THET8	F2NQ21_MARHT	1:1	714286
Q5SHF9_THET8	F2NNI4_MARHT	1:1	1184742
Q5SHF6_THET8	F2NNI2_MARHT	1:1	841590
Q5SHF5	F2NNF5_MARHT	1:1	1174454
Q5SHF3_THET8	F2NNL5_MARHT	1:1	1166431
Q5SHF2_THET8	F2NNL4_MARHT	1:1	703970
Q5SHF1_THET8	F2NNL3_MARHT	1:1	1073242
Q5SHF0	F2NNL2_MARHT	1:1	1188413
Q5SHE9	F2NNL1_MARHT	1:1	1188320
P60493	F2NNL0_MARHT	1:1	1185475
P60492	F2NNK9_MARHT	1:1	1147583
Q5SHE6_THET8	F2NQT5_MARHT	1:1	954781
Q5SHE5_THET8	F2NNB4_MARHT	1:1	1180635
Q5SHE4_THET8	F2NKS7_MARHT	1:1	955206
Q5SHE3_THET8	F2NKQ3_MARHT	1:1	751738
Q5SHE1_THET8	F2NPV7_MARHT	1:1	1185293
Q8RQP5	F2NKK8_MARHT	1:1	1145933
Q5SHD9_THET8	F2NKK9_MARHT	1:1	1060687
Q5SHD8_THET8	F2NQ77_MARHT	1:1	1050348
Q5SHD7_THET8	F2NPY2_MARHT	1:1	1140966
Q5SHD6	F2NPY5_MARHT	1:1	1028773
Q5SHD4	F2NK83_MARHT	1:1	1151869
Q5SHD2_THET8	F2NQY8_MARHT	1:1	
Q5SHD0_THET8	F2NNF4_MARHT	1:1	1038329
Q5SHC7_THET8	F2NM55_MARHT	1:1	
Q5SHC6_THET8	F2NMX6_MARHT	1:1	1147880
O50606	F2NP16_MARHT	1:1	1150431
Q5SHC3_THET8	F2NNE3_MARHT	1:1	681555
Q5SHC2_THET8	F2NNE2_MARHT	1:1	666889
Q5SHC1_THET8	F2NLU5_MARHT	1:1	1061811
Q5SHC0_THET8	F2NL12_MARHT	1:1	61445
Q5SHB9_THET8	F2NL11_MARHT	1:1	1146928
Q8RQE8	F2NL10_MARHT	1:1	1184843
Q8RQE9	F2NL09_MARHT	1:1	1186537
Q5SHB6_THET8	F2NQ01_MARHT	1:1	1185402
Q5SHB5	F2NPZ6_MARHT	1:1	943484
Q5SHB4_THET8	F2NPZ2_MARHT	1:1	1142374
Q5SHB3	F2NPZ1_MARHT	1:1	1042125
Q5SHB2	F2NPZ0_MARHT	1:1	1189120
Q5SHB1	F2NPY9_MARHT	1:1	
Q5SHB0_THET8	F2NPY8_MARHT	1:1	1117636
Q5SHA9_THET8	F2NPY7_MARHT	1:1	
Q5SHA8_THET8	F2NPW4_MARHT	1:1	693546
Q5SHA6_THET8	F2NR43_MARHT	1:1	1117553
Q5SHA5_THET8	F2NR44_MARHT	1:1	61080
Q5SHA4_THET8	F2NR45_MARHT	1:1	61784
Q5SHA3_THET8	F2NR46_MARHT	1:1	909701
Q5SHA2_THET8	F2NQ41_MARHT	1:1	1088153
Q5SHA1	F2NQ40_MARHT	1:1	1164533
P74941	F2NQ39_MARHT	1:1	1079968
Q5SH97_THET8	F2NQ38_MARHT	1:1	1111193
Q5SH96_THET8	F2NQ37_MARHT	1:1	
Q5SH95_THET8	F2NM13_MARHT	1:1	1039181
Q5SH94_THET8	F2NQM6_MARHT	1:1	1168266
Q5SH93_THET8	F2NQK7_MARHT	1:1	60696
Q5SH92_THET8	F2NKG6_MARHT	1:1	680942
Q5SH91_THET8	F2NKG7_MARHT	1:1	1187139
Q5SH90_THET8	F2NKG8_MARHT	1:1	1187140
Q5SH88	F2NNJ6_MARHT	1:1	1008222
P05379	F2NNJ9_MARHT	1:1	954291
P05378	F2NNK0_MARHT	1:1	1083211
Q5SH84_THET8	F2NQQ0_MARHT	1:1	
Q5SH78_THET8	F2NKL9_MARHT	1:1	1035062
Q5SH77_THET8	F2NP45_MARHT	1:1	1043684
Q5SH76_THET8	F2NNC7_MARHT	1:1	860369
Q5SH75_THET8	F2NNC6_MARHT	1:1	161039
Q5SH74_THET8	F2NNC5_MARHT	1:1	681269
Q5SH71_THET8	F2NNC3_MARHT	1:1	681938
Q5SH70_THET8	F2NNC2_MARHT	1:1	689069
Q5SH69_THET8	F2NNC1_MARHT	1:1	1106656
Q5SH68_THET8	F2NNC0_MARHT	1:1	61404
Q5SH67_THET8	F2NNB9_MARHT	1:1	61454
Q5SH62_THET8	F2NPA2_MARHT	1:1	730887
P56881	F2NPF8_MARHT	1:1	1159107
Q5SH54_THET8	F2NPF9_MARHT	1:1	1067597
Q5SH52_THET8	F2NL77_MARHT	1:1	1184658
Q5SH51_THET8	F2NQ68_MARHT	1:1	
Q75UV1	F2NQ69_MARHT	1:1	1134677
Q5SH49_THET8	F2NQ70_MARHT	1:1	1149829
Q5SH47_THET8	F2NPG1_MARHT	1:1	61403
Q5SH46_THET8	F2NPG0_MARHT	1:1	680924
Q5SH44_THET8	F2NR47_MARHT	1:1	909747
Q5SH43_THET8	F2NQ50_MARHT	1:1	1129998
Q5SH42_THET8	F2NPV9_MARHT	1:1	681856
Q5SH41_THET8	F2NPV8_MARHT	1:1	1042010
Q5SH40_THET8	F2NPT6_MARHT	1:1	1035931
Q5SH39_THET8	F2NLS0_MARHT	1:1	979012
Q56243	F2NLR9_MARHT	1:1	1186342
Q5SH37	F2NLR7_MARHT	1:1	939980
Q56213	F2NLR6_MARHT	1:1	923412
Q5SH33_THET8	F2NNC9_MARHT	1:1	61180
Q5SH32_THET8	F2NND0_MARHT	1:1	
Q5SH31_THET8	F2NND1_MARHT	1:1	1148367
Q5SH30_THET8	F2NND3_MARHT	1:1	1184392
Q5SH29_THET8	F2NND4_MARHT	1:1	1087836
Q5SH27_THET8	F2NL13_MARHT	1:1	1174665
Q5SH26_THET8	F2NL14_MARHT	1:1	1187635
Q5SH23	F2NL15_MARHT	1:1	
Q5SH22	F2NL16_MARHT	1:1	974806
Q5SH21_THET8	F2NL17_MARHT	1:1	930992
Q5SH20_THET8	F2NL18_MARHT	1:1	1048636
Q5SH19_THET8	F2NL19_MARHT	1:1	1185566
Q5SH16_THET8	F2NL20_MARHT	1:1	1080327
Q5SH15	F2NQJ7_MARHT	1:1	
Q5SH14_THET8	F2NM15_MARHT	1:1	
Q5SH13_THET8	F2NND9_MARHT	1:1	1106921
Q5SH10_THET8	F2NKP6_MARHT	1:1	639173
Q5SH09_THET8	F2NNP5_MARHT	1:1	925132
Q5SH08_THET8	F2NNP4_MARHT	1:1	61174
Q5SH07_THET8	F2NQI1_MARHT	1:1	682716
Q5SH06_THET8	F2NQI0_MARHT	1:1	681468
Q5SH05_THET8	F2NPJ9_MARHT	1:1	61855
Q5SH04_THET8	F2NPK1_MARHT	1:1	1075119
Q5SH03	F2NR40_MARHT	1:1	1182349
Q5SH02	F2NR41_MARHT	1:1	1182225
Q5SH01_THET8	F2NKG0_MARHT	1:1	995375
Q5SH00_THET8	F2NR53_MARHT	1:1	1002559
Q5SGZ9_THET8	F2NR52_MARHT	1:1	1055947
Q5SGZ8_THET8	F2NR51_MARHT	1:1	61790
Q5SGZ7_THET8	F2NR50_MARHT	1:1	61743
Q5SGZ6_THET8	F2NR49_MARHT	1:1	1000056
Q5SGZ4_THET8	F2NR48_MARHT	1:1	1040811
Q5SGZ3	F2NN59_MARHT	1:1	641613
Q5SGZ2_THET8	F2NKR7_MARHT	1:1	1120366
Q5SGZ1_THET8	F2NNS3_MARHT	1:1	1028626
P96077	F2NNS2_MARHT	1:1	1148948
Q5SGY8_THET8	F2NLB4_MARHT	1:1	
Q5SGY4_THET8	F2NPR7_MARHT	1:1	1121624
Q5SGY3_THET8	F2NPR6_MARHT	1:1	
Q5SGY0	F2NNR3_MARHT	1:1	1174663
Q5SGX8_THET8	F2NPW1_MARHT	1:1	711221
Q5SGX7_THET8	F2NKT3_MARHT	1:1	1097854
Q5SGX6_THET8	F2NKD7_MARHT	1:1	
Q5SGX5_THET8	F2NL44_MARHT	1:1	
Q5SGX4_THET8	F2NL43_MARHT	1:1	
Q5SGX2	F2NPL4_MARHT	1:1	1177143
Q5SGX1	F2NPL5_MARHT	1:1	1124348
Q5SGW9_THET8	F2NPL6_MARHT	1:1	60786
P21777	F2NPL7_MARHT	1:1	1138971
Q5SGW7_THET8	F2NPL8_MARHT	1:1	1181711
P38576	F2NKQ4_MARHT	1:1	1187311
Q5SGW4_THET8	F2NRB5_MARHT	1:1	876249
Q5SGW2_THET8	F2NRB7_MARHT	1:1	680966
Q5SGW1_THET8	F2NRB8_MARHT	1:1	969765
Q5SGW0_THET8	F2NRB9_MARHT	1:1	680953
Q5SGV8	F2NRC1_MARHT	1:1	1187128
Q9X9D5	F2NNF6_MARHT	1:1	1132671
Q53WE0_THET8	F2NKP2_MARHT	1:1	
Q53WC9_THET8	F2NQX3_MARHT	1:1	929164
Q53WC5_THET8	F2NPB9_MARHT	1:1	52775
Q53WB9_THET8	F2NMY6_MARHT	1:1	1069234
Q53WB6_THET8	F2NMY2_MARHT	1:1	1169029
Q7SIC7	F2NMY3_MARHT	1:1	939480
Q53WB3_THET8	F2NMY5_MARHT	1:1	1065567
Q53W96_THET8	F2NMY4_MARHT	1:1	
Q53W81_THET8	F2NL27_MARHT	1:1	
Q53W64_THET8	F2NPM8_MARHT	1:1	872603
Q53WF7_THET8	F2NPV4_MARHT	1:1	1068231
Q53W50_THET8	F2NN31_MARHT	1:1	1120369
Q53W49_THET8	F2NL49_MARHT	1:1	61823
Q53W48_THET8	F2NL50_MARHT	1:1	61798
Q53W47_THET8	F2NL51_MARHT	1:1	61735
Q53W34	F2NQL8_MARHT	1:1	969972
Q53W28_THET8	F2NQR0_MARHT	1:1	874261
Q53W26_THET8	F2NLI2_MARHT	1:1	939337
Q53W25_THET8	F2NMX8_MARHT	1:1	1008118
Q53W24_THET8	F2NQ99_MARHT	1:1	885815
Q53W23_THET8	F2NQ98_MARHT	1:1	1160129
Q53W22_THET8	F2NNA4_MARHT	1:1	903197
Q53W19	F2NNA3_MARHT	1:1	960931
Q53WF6_THET8	F2NNA2_MARHT	1:1	61813
Q53WF5_THET8	F2NNA1_MARHT	1:1	974813
Q53WF4_THET8	F2NNA0_MARHT	1:1	964816
Q53W18_THET8	F2NN99_MARHT	1:1	
Q53W17	F2NKI3_MARHT	1:1	903198
Q53W09_THET8	F2NKI1_MARHT	1:1	957652
Q53W08_THET8	F2NKI0_MARHT	1:1	836485
Q53W07_THET8	F2NKH9_MARHT	1:1	876101
Q53W06_THET8	F2NKH8_MARHT	1:1	
Q53W05	F2NKH7_MARHT	1:1	669852
Q53W04_THET8	F2NKH6_MARHT	1:1	942354
Q53VZ8_THET8	F2NNK1_MARHT	1:1	887767
Q53VZ4_THET8	F2NR98_MARHT	1:1	
Q53VY3_THET8	F2NLA0_MARHT	1:1	1176702
Q53VY2	F2NLA1_MARHT	1:1	903148
Q53VY1	F2NLA2_MARHT	1:1	923714
Q53VY0	F2NLA3_MARHT	1:1	918733
Q53VX9_THET8	F2NLA4_MARHT	1:1	1122940
Q53WH0_THET8	F2NLA5_MARHT	1:1	
Q53WG9	F2NLA6_MARHT	1:1	950705
Q53WG8	F2NLA7_MARHT	1:1	1103831
Q53WG7_THET8	F2NLA8_MARHT	1:1	1077082
Q53WG6	F2NR58_MARHT	1:1	1173611
Q53VX2_THET8	F2NP12_MARHT	1:1	1147883
Q53VX0_THET8	F2NP11_MARHT	1:1	
Q53VV7_THET8	F2NKW3_MARHT	1:1	1053993
Q53VV4_THET8	F2NNM4_MARHT	1:1	1008316
Q53WI1_THET8	F2NL39_MARHT	1:1	
Q5SGM0_THET8	F2NP40_MARHT	1:1	61379

