Q5SME2_THET8	P0A988	1:1	
Q5SME1	P0A6P9	1:1	1113391
Q5SME0_THET8	P0AD61	1:m	
Q5SME0_THET8	P21599	1:m	1100996
Q5SMD7	P77488	1:1	634193
Q5SMD5_THET8	P0AFM6	1:1	1100455
Q5SMD2_THET8	P30745	1:1	1100755
Q5SMD1_THET8	P0ADP5	1:1	
Q5SMC8	P62623	1:1	1113380
Q5SMC7	P32695	1:1	1101310
Q5SMC5	P0A6U8	1:1	836598
Q5SMC3_THET8	P0AFJ5	n:m	
Q5SMC3_THET8	P0ACZ8	n:m	
Q5SMC3_THET8	P21866	n:m	
Q5SMC3_THET8	P38684	n:m	
Q5SMC3_THET8	P23836	n:m	
Q5SMC3_THET8	P76340	n:m	
Q5SMC3_THET8	P69228	n:m	
Q5SMC3_THET8	P52076	n:m	
Q5SMC3_THET8	P0AA16	n:m	
Q5SMC3_THET8	P0AE88	n:m	852021
Q5SMC3_THET8	P30843	n:m	
Q5SMC3_THET8	P08368	n:m	
Q5SMC3_THET8	P0A9Q1	n:m	
Q5SMC1	P0A6V1	1:1	
Q5SMB6_THET8	P77735	1:m	
Q5SMB6_THET8	Q46851	1:m	
Q5SMB2_THET8	P24077	n:1	
Q5SMA6_THET8	P24077	n:1	
Q5SM99_THET8	P45522	n:1	
Q5SM89_THET8	P0AGJ7	1:1	1039924
Q5SM87_THET8	P69681	1:1	603631
Q5SM86_THET8	P0AC55	1:m	833436
Q5SM86_THET8	P0A9Z1	1:m	
Q5SM81_THET8	P29012	1:m	
Q5SM81_THET8	P0A6B4	1:m	1084857
Q5SM80_THET8	P17888	1:1	1079189
Q5SM79_THET8	P43531	1:1	851839
Q5SM72_THET8	P31548	n:m	
Q5SM72_THET8	P07821	n:m	
Q5SM72_THET8	Q47538	n:m	
Q5SM72_THET8	P0A9T8	n:m	
Q5SM72_THET8	P23878	n:m	
Q5SM72_THET8	P0AAI1	n:m	
Q5SM72_THET8	P75957	n:m	
Q5SM72_THET8	P33931	n:m	
Q5SM72_THET8	P0A9R7	n:m	
Q5SM72_THET8	P16677	n:m	
Q5SM72_THET8	P15031	n:m	
Q5SM69_THET8	P06612	1:1	633290
Q5SM66_THET8	P0ADG4	1:1	1091520
Q5SM60	P06992	1:1	1077515
Q56217	P0AFC3	1:1	
Q56220	P33599	1:1	
Q56221	P0AFD1	1:1	
Q56222	P31979	1:1	
Q60019	P0AFD4	1:1	851695
Q56224	P0AFD6	1:1	
Q56225	P0AFE0	1:1	
Q56226	P0AFE4	1:1	1054542
Q56227	P33607	1:1	851894
Q56228	P0AFE8	1:1	851702
Q56229	P0AFF0	1:1	
Q5SM45	P11875	1:1	1107700
Q5SM44_THET8	P39099	1:1	
Q5SM43_THET8	P22188	1:1	782321
Q5SM37_THET8	P0AG07	1:m	1109977
Q5SM37_THET8	P32719	1:m	
Q5SM35_THET8	P33570	1:m	634197
Q5SM35_THET8	P27302	1:m	
Q5SM34_THET8	P25888	1:m	
Q5SM34_THET8	P21693	1:m	851798
Q5SM34_THET8	P21507	1:m	
Q5SM34_THET8	P0A8J8	1:m	
Q5SM33_THET8	P12281	1:1	1094608
Q5SM31_THET8	P0AB83	1:1	604804
Q5SM23	P06616	1:1	1114849
Q5SM22_THET8	P30852	1:1	635281
Q5SM20_THET8	P0ACQ4	1:1	1074144
Q5SM19_THET8	P0AB80	1:1	
Q5SM16	P0AGJ2	1:1	
Q5SM11_THET8	P0A8D6	1:1	
Q5SM09	P0A8D0	1:1	1103677
Q5SM07_THET8	P27254	1:1	
Q5SM06_THET8	P0AGL2	1:m	
Q5SM06_THET8	P0AF93	1:m	1072219
Q5SM03	P0A749	1:1	1111612
Q5SM01	P07012	1:1	1115060
Q5SM00_THET8	P0A9K7	1:1	
Q5SLZ8_THET8	P0AFJ5	n:m	
Q5SLZ8_THET8	P0ACZ8	n:m	
Q5SLZ8_THET8	P21866	n:m	
Q5SLZ8_THET8	P38684	n:m	
Q5SLZ8_THET8	P23836	n:m	
Q5SLZ8_THET8	P76340	n:m	
Q5SLZ8_THET8	P69228	n:m	
Q5SLZ8_THET8	P52076	n:m	
Q5SLZ8_THET8	P0AA16	n:m	
Q5SLZ8_THET8	P0AE88	n:m	
Q5SLZ8_THET8	P30843	n:m	
Q5SLZ8_THET8	P08368	n:m	
Q5SLZ8_THET8	P0A9Q1	n:m	
Q5SLZ5_THET8	P75966	n:m	
Q5SLZ5_THET8	P37765	n:m	
Q5SLZ5_THET8	P0AA43	n:m	
Q5SLZ5_THET8	P32684	n:m	852195
Q5SLZ0_THET8	P28304	1:1	1014067
Q5SLY6_THET8	P77258	1:1	
Q5SLY2_THET8	P07813	1:1	604879
Q5SLY1_THET8	P0AG67	1:1	1108536
P83700	P62615	1:1	1035494
Q5SLX2	Q46893	1:1	829782
Q5SLX1	P60932	1:1	994765
Q5SLW9	P08622	n:m	
Q5SLW9	P36659	n:m	851912
Q5SLW8_THET8	P0A972	n:m	
Q5SLW8_THET8	P0A968	n:m	851932
Q5SLW8_THET8	P0A978	n:m	
Q5SLW8_THET8	P0A986	n:m	
Q5SLW8_THET8	P36995	n:m	
Q5SLW8_THET8	P0A9Y6	n:m	
Q5SLW8_THET8	P0A9X9	n:m	
Q5SLV9_THET8	P06959	1:1	
Q5SLV8_THET8	P0AFG8	1:1	1110041
Q5SLV7_THET8	P27111	1:m	
Q5SLV7_THET8	P77559	1:m	1074152
Q5SLV7_THET8	P23841	1:m	
Q5SLV7_THET8	P0ACR7	1:m	
Q5SLV7_THET8	Q47141	1:m	
Q5SLV5	P0A763	1:1	1114074
Q5SLV2_THET8	P0AC13	1:1	1042719
Q5SLV0_THET8	P33026	1:1	
Q5SLU5	P10442	1:1	1097323
Q5SLU3_THET8	P18775	1:m	823359
Q5SLU3_THET8	P77374	1:m	
Q5SLU3_THET8	P77783	1:m	
Q5SLU2_THET8	A0A024L678_ECOLX	1:1	708636
Q5SLT9_THET8	P31437	1:1	
Q5SLT7_THET8	P07001	1:1	1041535
Q5SLT5_THET8	P0AB67	1:1	1041534
Q8VVE3	P0A7J3	1:1	1092626
Q8VVE2	P0A7K2	1:1	1115326
Q5SLT2_THET8	P0ADC3	1:m	851751
Q5SLT2_THET8	P75958	1:m	
Q5SLS6	P60340	1:1	1108049
Q5SLS4_THET8	P75966	n:m	
Q5SLS4_THET8	P37765	n:m	
Q5SLS4_THET8	P0AA43	n:m	851688
Q5SLS4_THET8	P32684	n:m	
Q5SLS3_THET8	P0A9M2	1:1	1065721
Q5SLS2_THET8	P37619	1:1	
Q5SLS1	P0A7D4	1:1	1108498
Q5SLR9_THET8	P37744	1:m	
Q5SLR9_THET8	P61887	1:m	
Q5SLR8_THET8	P06709	1:1	1073489
Q5SLR5	P0A8I8	1:1	1056690
Q5SLR0_THET8	P0A9P0	n:1	
Q5SLQ8_THET8	P76630	1:1	1000091
Q5SLQ6_THET8	P77161	n:m	
Q5SLQ6_THET8	Q46888	n:m	
Q5SLQ6_THET8	ECOLI02938	n:m	
Q5SLQ6_THET8	P0A9V8	n:m	
Q5SLQ4	P60716	1:1	1111528
Q5SLQ3	P60720	1:1	1091940
Q5SLQ2_THET8	P0AFP4	1:1	
Q5SLQ1	P0A7R1	1:1	1066475
Q5SLP7	P0A7L0	1:1	1113546
Q5SLP6	P0A7J7	1:1	1114269
P35872	P0AFG0	1:1	825015
P60339	P0CE47	n:m	
P60339	P0CE48	n:m	851653
Q5SLN8_THET8	P0A9A9	1:1	845916
Q5SLN5	P25745	1:1	1111672
Q5SLN3_THET8	P0AGH8	1:1	
Q5SLN2_THET8	P07654	1:1	
Q5SLN1	P0AAH0	1:1	851701
Q5SLN0_THET8	P77726	1:1	851983
Q5SLM9_THET8	P0A7H0	1:1	1065452
Q5SLM6_THET8	P17117	1:1	667685
Q5SLM2	P0A6F5	1:1	689088
P61493	P0A6F9	1:1	
Q5SLL6	P0A6T1	1:1	809609
Q5SLL5	P22259	1:1	804007
Q5SLL4_THET8	P0AGF6	1:1	1113115
Q5SLL3	P0A6F1	1:1	1093806
Q5SLL0	P11447	1:1	1102969
P59846	P0A6E4	1:1	1109859
Q5SLK6_THET8	P0A9P0	n:1	677298
Q5SLK5_THET8	P0AFG6	1:1	713820
Q5SLK4_THET8	P0AFG3	1:1	1112957
Q5SLK3_THET8	P77467	1:1	
Q9F1Q3	P0A809	1:1	1091981
Q5SLK1_THET8	P0A8Y1	1:1	998439
Q5SLJ7_THET8	P63177	1:1	851670
Q5SLJ6_THET8	P0AED7	1:m	1076332
Q5SLJ6_THET8	P23908	1:m	
Q5SLJ4_THET8	P23917	1:m	1054807
Q5SLJ4_THET8	P75959	1:m	
Q5SLJ4_THET8	P45425	1:m	
Q5SLI9_THET8	P0AEK4	1:1	630817
Q5SLI8	P62620	1:1	1113688
Q5SLI7	P0A847	1:1	1104527
Q5SLI4_THET8	P0AFS5	1:m	
Q5SLI4_THET8	P0AFI9	1:m	838278
Q5SLI4_THET8	P0AGM0	1:m	
P98005	P0ABI8	1:1	1006957
Q5SLH4	P0A894	1:1	1112625
Q5SLH3	P23882	1:1	604351
Q5SLH2	P0A6K3	1:1	1110255
Q5SLG9_THET8	P0A6K6	1:1	708362
Q5SLG6_THET8	P0AEZ1	1:1	759846
Q5SLG5_THET8	P75897	1:1	
Q5SLF7	P61714	1:1	1084527
Q5SLF2_THET8	P0AF03	1:1	
Q5SLF1_THET8	P77434	1:1	1004006
Q5SLF0_THET8	P08192	n:1	604710
Q5SLE8	P06983	1:1	1099521
Q5SLE7_THET8	P0A9K9	1:1	851868
Q5SLE6_THET8	P0ABK5	1:m	
Q5SLE6_THET8	P16703	1:m	1113120
Q5SLE2_THET8	P52067	1:1	852036
Q5SLE0_THET8	P36938	1:1	1039136
Q5SLD9_THET8	P77716	n:m	
Q5SLD9_THET8	P68183	n:m	
Q5SLD8_THET8	P0AFR7	n:m	714115
Q5SLD8_THET8	P10905	n:m	
Q5SLD4_THET8	P0A972	n:m	851899
Q5SLD4_THET8	P0A968	n:m	
Q5SLD4_THET8	P0A978	n:m	
Q5SLD4_THET8	P0A986	n:m	
Q5SLD4_THET8	P36995	n:m	
Q5SLD4_THET8	P0A9Y6	n:m	
Q5SLD4_THET8	P0A9X9	n:m	
Q5SLD1_THET8	P33644	1:1	1074058
Q5SLC8_THET8	P52052	1:1	652568
Q5SLC6_THET8	P08178	1:1	1114169
Q5SLC5_THET8	P0A7A2	1:1	742037
Q5SLC4_THET8	P15047	n:m	
Q5SLC4_THET8	P0AET8	n:m	
Q5SLC4_THET8	P33368	n:m	
Q5SLC4_THET8	P37440	n:m	
Q5SLC4_THET8	P76633	n:m	
Q5SLC4_THET8	P37769	n:m	
Q5SLC4_THET8	P52037	n:m	
Q5SLC4_THET8	P0AG84	n:m	
Q5SLC4_THET8	P0A9P9	n:m	630834
Q5SLC0_THET8	P0AAB4	1:1	848565
Q5SLB6_THET8	P0AFR7	n:m	
Q5SLB6_THET8	P10905	n:m	
Q5SLB4_THET8	P0AG80	n:1	
Q5SLA9	P60955	1:1	
Q5SLA8	P0ACC7	1:1	851652
Q5SLA6_THET8	P69423	1:1	851680
Q5SL96_THET8	P0AF98	1:1	
Q5SL93_THET8	P77316	1:1	
Q5SL90_THET8	P0AAI3	n:1	
Q5SL87	P0A812	1:1	1101867
Q5SL86	P31057	1:1	1112626
Q5SL85_THET8	P0AA37	1:m	
Q5SL85_THET8	P0AA39	1:m	
Q5SL85_THET8	P33643	1:m	1018708
Q5SL82_THET8	P77730	1:1	1004013
Q5SL80_THET8	P0AAI5	1:1	851664
Q5SL79	P0A6A8	1:1	667274
Q5SL78_THET8	P0AEK2	1:1	630816
Q5SL77_THET8	P0AAI9	1:1	1055790
Q5SL76_THET8	P0A6R0	1:1	992387
Q5SL71_THET8	P27836	1:1	809813
Q5SL69_THET8	P0AGG0	1:1	1056937
Q5SL65_THET8	P06986	1:1	
Q7SIC0	P60595	1:1	1113815
Q5SL62_THET8	P77493	1:m	823994
Q5SL62_THET8	P33020	1:m	
Q5SL62_THET8	P0A9J6	1:m	
Q5SL61_THET8	P0ADG7	1:1	1077412
P27000	P04805	1:1	
Q5SL54_THET8	P0A9V1	1:1	851693
Q5SL49	P0A8C8	1:1	992598
Q5SL40_THET8	P31548	n:m	
Q5SL40_THET8	P07821	n:m	
Q5SL40_THET8	Q47538	n:m	
Q5SL40_THET8	P0A9T8	n:m	
Q5SL40_THET8	P23878	n:m	
Q5SL40_THET8	P0AAI1	n:m	
Q5SL40_THET8	P75957	n:m	
Q5SL40_THET8	P33931	n:m	
Q5SL40_THET8	P0A9R7	n:m	
Q5SL40_THET8	P16677	n:m	
Q5SL40_THET8	P15031	n:m	
Q5SL39_THET8	P39832	1:1	1079967
Q5SL38_THET8	P0AGK8	1:m	749807
Q5SL38_THET8	P0AF63	1:m	
Q5SL37_THET8	P0A6B7	1:1	
Q5SL36	P0A6D3	1:1	1113678
Q5SL35	P0A6I0	1:1	1115094
Q5SL33_THET8	P52006	1:1	829457
Q5SL32_THET8	P15047	n:m	
Q5SL32_THET8	P0AET8	n:m	
Q5SL32_THET8	P33368	n:m	
Q5SL32_THET8	P37440	n:m	
Q5SL32_THET8	P76633	n:m	
Q5SL32_THET8	P37769	n:m	
Q5SL32_THET8	P52037	n:m	
Q5SL32_THET8	P0AG84	n:m	
Q5SL32_THET8	P0A9P9	n:m	
Q5SL23_THET8	P0AFU0	1:1	
Q5SL21_THET8	P76027	1:m	851986
Q5SL21_THET8	P0AAG0	1:m	
Q5SL20_THET8	ECOLI01169	1:m	851743
Q5SL20_THET8	P37313	1:m	
Q5SL14_THET8	P31678	1:1	993457
Q5SL12_THET8	P28904	1:1	
Q5SL09_THET8	P23930	1:1	
Q5SL07_THET8	P39288	1:1	833416
Q5SKZ6_THET8	P52062	1:1	1044001
Q5SKZ0_THET8	P52074	1:1	
Q5SKY9_THET8	P52073	1:1	
Q5SKY8_THET8	P0AEP9	1:1	
Q5SKY7_THET8	P08997	1:1	998066
Q5SKY6_THET8	P77300	n:m	
Q5SKY6_THET8	P0ACN4	n:m	
Q5SKY6_THET8	P76268	n:m	1043418
Q5SKY6_THET8	P77732	n:m	
Q5SKY6_THET8	P37671	n:m	
Q5SKY6_THET8	P16528	n:m	
Q5SKY0_THET8	P09029	1:1	1112029
Q5SKX9_THET8	P0AG18	1:1	1078877
Q5SKX6_THET8	P33366	1:m	
Q5SKX6_THET8	P0ABP6	1:m	732482
Q5SKX6_THET8	P0AA60	1:m	
Q5SKX6_THET8	P0AA63	1:m	
Q5SKX5_THET8	P67127	n:1	
Q5SKX3_THET8	P26616	1:1	1036460
Q5SKX0	P27248	1:1	1089658
Q5SKW9	P0A6T9	1:1	726002
Q5SKW6_THET8	P0AG40	1:1	1066170
Q5SKV9_THET8	P08660	1:1	
Q5SKV6_THET8	P0AGE9	1:1	1113531
Q5SKV5_THET8	P0A836	1:1	839767
Q5SKV2_THET8	P24554	1:1	1115099
Q5SKV1_THET8	P63284	n:1	
Q5SKU8_THET8	P08390	1:1	1110457
Q5SKU4_THET8	P00962	1:1	1067492
Q5SKU3_THET8	P31551	n:m	
Q5SKU3_THET8	P76082	n:m	
Q5SKU3_THET8	P0ABU0	n:m	
Q5SKU3_THET8	P52045	n:m	
Q5SKU2	P0A707	1:1	1110401
P60491	P0A7L3	1:1	1040200
P61503	P00448	1:1	
Q5SKT5_THET8	P05042	1:1	1111993
Q5SKT2_THET8	P0A940	1:1	
Q5SKT1_THET8	P45563	1:1	1110666
Q5SKT0_THET8	P67080	1:1	1079141
Q5SKS7_THET8	P25519	1:1	
Q5SKS6	P0AB65	1:1	1087109
Q5SKS4	P07913	1:1	
Q5SKS3_THET8	P75804	1:1	635360
Q5SKS1	P16384	1:1	1115121
Q5SKR9_THET8	P03007	1:1	
Q5SKR5	P0A8F4	1:1	1113039
Q5SKR4_THET8	P16676	n:m	
Q5SKR4_THET8	P10907	n:m	852077
Q5SKR4_THET8	P68187	n:m	
Q5SKQ2_THET8	P09147	1:m	
Q5SKQ2_THET8	P37759	1:m	
Q5SKQ2_THET8	P27830	1:m	
Q5SKP8_THET8	P0A6T3	1:1	851756
Q5SKP7_THET8	P39172	1:1	
Q5SKP5_THET8	P37019	1:1	
Q5SKP3_THET8	P23871	1:1	715158
Q5SKP2	P29680	1:1	726310
Q5SKN9	A0A090J9Z6_ECOLX	1:1	
Q5SKN8_THET8	P0AGK1	1:1	1098698
Q5SKN7	P0A790	1:1	1087262
Q5SKN6	P12996	1:1	
Q5SKN1	P00968	1:1	1112028
Q5SKM9	P0A850	1:1	1094216
Q5SKM8	P0A6G7	1:1	782510
Q5SKM7	P0A6H1	1:1	1115205
Q5SKM5_THET8	P13009	1:1	1007321
Q5SKM1_THET8	P0A6W5	1:m	1100975
Q5SKM1_THET8	P30128	1:m	
Q5SKL7	P00864	1:1	1106953
Q5SKL6_THET8	P0A742	1:1	
Q5SKL3_THET8	P0A6H5	1:1	1115206
Q5SKL2_THET8	P0A7B8	1:1	1115442
Q5SKJ4_THET8	P37746	1:1	853226
Q5SKI9_THET8	P0AF08	1:1	851707
Q84BQ9	P0A8T1	1:1	1087188
Q5SKI6_THET8	P0AGL7	1:1	1097980
Q5SKI4_THET8	P0AA49	1:1	
Q5SKI3_THET8	P31808	n:m	
Q5SKI3_THET8	P39831	n:m	
Q5SKI2_THET8	P76269	1:m	852426
Q5SKI2_THET8	P36554	1:m	
Q5SKH4_THET8	P17854	1:1	1105784
Q5SKH1_THET8	P17846	1:1	
Q5SKG9	P30137	1:1	1111283
Q5SKG7	P30139	1:1	831337
Q5SKG5	P30136	1:1	1087515
Q5SKG4_THET8	P77589	1:m	
Q5SKG4_THET8	P76230	1:m	
Q5SKG4_THET8	Q46909	1:m	
Q5SKG3_THET8	P76422	1:1	1086997
Q5SKF8_THET8	P10906	n:1	
Q5SKF4_THET8	P50456	1:1	1054810
Q5SKF0_THET8	P15047	n:m	
Q5SKF0_THET8	P0AET8	n:m	
Q5SKF0_THET8	P33368	n:m	630825
Q5SKF0_THET8	P37440	n:m	
Q5SKF0_THET8	P76633	n:m	
Q5SKF0_THET8	P37769	n:m	
Q5SKF0_THET8	P52037	n:m	
Q5SKF0_THET8	P0AG84	n:m	
Q5SKF0_THET8	P0A9P9	n:m	
Q5SKE9_THET8	P22731	n:1	
P48514	P0AFF6	1:1	1095269
Q56425	P0A8A8	1:1	
Q5SKD7_THET8	P37617	1:1	
P54263	P0A8M0	1:1	1054325
Q5SKD3_THET8	P37757	1:1	995451
Q5SKD2	P21889	1:1	1054323
P56194	P60906	1:1	1112128
Q5SKC7_THET8	P0AF01	1:1	714103
Q5SKC6_THET8	P37329	1:1	
Q5SKC1	P06988	1:1	1087049
Q5SMF6	ECOLI01201	1:1	1111872
Q5SMF3_THET8	P76398	1:m	1089446
Q5SMF3_THET8	P76399	1:m	
Q5SMF3_THET8	P24177	1:m	
Q5SMF3_THET8	P37637	1:m	
Q5SKB1_THET8	P75682	n:m	
Q5SKB1_THET8	P0A6L2	n:m	
Q5SKB1_THET8	P0A6L4	n:m	
Q5SKB1_THET8	P39359	n:m	
Q5SKA8_THET8	P30844	n:1	
Q5SKA7	P60785	1:1	851648
Q5SKA2_THET8	P37028	n:1	825733
Q5SKA1_THET8	P23877	n:m	
Q5SKA1_THET8	P23876	n:m	
Q5SKA1_THET8	P06609	n:m	
Q5SKA1_THET8	P15030	n:m	
Q5SKA0_THET8	P31548	n:m	
Q5SKA0_THET8	P07821	n:m	
Q5SKA0_THET8	Q47538	n:m	
Q5SKA0_THET8	P0A9T8	n:m	
Q5SKA0_THET8	P23878	n:m	
Q5SKA0_THET8	P0AAI1	n:m	
Q5SKA0_THET8	P75957	n:m	
Q5SKA0_THET8	P33931	n:m	
Q5SKA0_THET8	P0A9R7	n:m	
Q5SKA0_THET8	P16677	n:m	
Q5SKA0_THET8	P15031	n:m	853217
Q5SK98_THET8	P15047	n:m	
Q5SK98_THET8	P0AET8	n:m	
Q5SK98_THET8	P33368	n:m	
Q5SK98_THET8	P37440	n:m	
Q5SK98_THET8	P76633	n:m	
Q5SK98_THET8	P37769	n:m	
Q5SK98_THET8	P52037	n:m	
Q5SK98_THET8	P0AG84	n:m	
Q5SK98_THET8	P0A9P9	n:m	
Q5SK93_THET8	P18956	1:1	
Q5SK88	P00935	n:1	
Q5SK86_THET8	P31808	n:m	
Q5SK86_THET8	P39831	n:m	
Q5SK85_THET8	P38105	1:m	
Q5SK85_THET8	P0A9S3	1:m	1014120
Q5SK85_THET8	P39346	1:m	
Q5SK85_THET8	P39400	1:m	
Q5SK78_THET8	P0A9M0	n:1	
Q5SK69	P0A7E1	1:1	828417
Q5SK67	P77671	1:m	
Q5SK67	Q46806	1:m	
Q5SK66	P0A786	1:1	765440
Q5SMG6_THET8	P37666	1:1	851787
Q5SK59_THET8	P0AFR4	1:m	
Q5SK59_THET8	P45748	1:m	1003585
Q5SK58	P36646	1:m	
Q5SK58	P41441	1:m	
Q5SK50_THET8	P0A8X2	1:1	769590
Q5SK45_THET8	P0ACP7	n:m	
Q5SK45_THET8	P25748	n:m	
Q5SK45_THET8	P03024	n:m	
Q5SK45_THET8	P0ACP5	n:m	
Q5SK45_THET8	P0ACQ0	n:m	
Q5SK43_THET8	P76004	1:1	1069052
Q5SK40_THET8	P15640	1:1	1114175
Q5SK33_THET8	P32705	1:1	1069489
Q5SK31	P0A8A0	1:m	1111594
Q5SK31	P0A8A2	1:m	
Q5SK30_THET8	P03819	1:m	
Q5SK30_THET8	P39830	1:m	
Q5SK28	P09158	1:1	1058169
Q5SK18_THET8	P0A6C1	1:1	
Q5SK17_THET8	P0AD30	1:1	
Q5SK10_THET8	P76235	1:1	1067757
Q5SK09_THET8	P0ACY3	1:1	1070172
Q5SK01	P36929	1:1	741667
Q5SK00_THET8	P0A9L8	1:1	1076819
Q5SJZ6	P45568	1:1	1114962
Q9WX76	P0A805	1:1	1111969
P43891	P0A7E9	1:1	1092201
P43895	P0A6P1	1:1	1095162
P80371	P0A7V0	1:1	1099008
Q5SJZ0_THET8	P77581	n:m	
Q5SJZ0_THET8	P22256	n:m	1059974
Q5SJZ0_THET8	P18335	n:m	
Q5SJY7_THET8	P76217	1:1	
Q5SJX8_THET8	P51981	n:1	
Q5SJX7	P0A8L1	1:1	1077097
Q5SJX5_THET8	Q46831	1:1	990410
Q5SJW6_THET8	P37747	1:1	
Q5SJW1_THET8	P76461	1:m	
Q5SJW1_THET8	P21151	1:m	1099673
Q5SJV9	P21888	1:1	1093070
Q5SJV8	P0A6Y5	1:1	1100024
Q8RR57	P0A832	1:1	1115379
Q5SMF8_THET8	P0A9B2	1:m	1109364
Q5SMF8_THET8	P0A9B6	1:m	
P09403	P0A799	1:1	1114041
Q5SJV0_THET8	P0A8Z3	1:1	
Q5SJU9_THET8	P42588	1:1	1059971
Q5SJU8_THET8	P21499	1:1	851661
Q5SJT3_THET8	P06961	1:1	1099181
Q56416	P0A6I9	1:1	1097403
Q5SJT0_THET8	P0ADX9	1:1	1104044
Q5SJS9	P0A6I6	1:1	1040062
Q5SJS8_THET8	P15639	1:1	807533
Q5SJS7	P25522	1:1	1111302
Q5SJS4	P23893	1:1	1059968
Q5SJS3_THET8	P23895	1:m	759730
Q5SJS3_THET8	P69210	1:m	
Q5SJS3_THET8	P69212	1:m	
Q5SJR8_THET8	P77806	1:1	
Q5SJR7_THET8	P76909	n:m	
Q5SJR7_THET8	P0A9X1	n:m	
Q5SJR7_THET8	P16678	n:m	
Q5SJR1	P0A858	1:1	1066444
Q5SJQ9	P0A6M4	1:1	1062286
Q5SJQ3_THET8	P76329	1:1	1024327
Q5SJQ1	P75682	n:m	
Q5SJQ1	P0A6L2	n:m	1092732
Q5SJQ1	P0A6L4	n:m	
Q5SJQ1	P39359	n:m	
Q5SJP9_THET8	P17445	n:m	
Q5SJP9_THET8	P23883	n:m	
Q5SJP9_THET8	P80668	n:m	
Q5SJP9_THET8	P77674	n:m	
Q5SJP9_THET8	P37685	n:m	
Q5SJP7	P75893	1:1	1021421
Q5SJP3_THET8	P76084	1:1	1013161
Q5SJP2_THET8	P76085	1:1	774982
Q5SJP0_THET8	P77455	1:1	1087420
Q5SJN9_THET8	P76080	1:1	1102923
Q5SJN8_THET8	P76079	1:1	1091673
Q5SJN6_THET8	P76077	1:1	1091674
Q5SJN4_THET8	P0A8P8	n:m	
Q5SJN4_THET8	P0A8P6	n:m	
Q5SJN3_THET8	P16676	n:m	
Q5SJN3_THET8	P10907	n:m	
Q5SJN3_THET8	P68187	n:m	
Q5SJN2_THET8	P16701	1:1	
Q5SJN1_THET8	P0AFR7	n:m	
Q5SJN1_THET8	P10905	n:m	
Q5SJN0_THET8	P13482	1:1	
Q5SJM6_THET8	P0ABD3	1:1	
Q5SJM5_THET8	P10902	1:1	
Q5SJM4	P11458	1:1	1097992
Q5SJM3_THET8	P30011	1:1	1113370
Q5SJM1_THET8	P0C7L2	1:1	
Q5SJL2_THET8	P25526	1:1	
Q5SJK6_THET8	P0AFJ5	n:m	
Q5SJK6_THET8	P0ACZ8	n:m	
Q5SJK6_THET8	P21866	n:m	
Q5SJK6_THET8	P38684	n:m	
Q5SJK6_THET8	P23836	n:m	
Q5SJK6_THET8	P76340	n:m	
Q5SJK6_THET8	P69228	n:m	
Q5SJK6_THET8	P52076	n:m	
Q5SJK6_THET8	P0AA16	n:m	
Q5SJK6_THET8	P0AE88	n:m	
Q5SJK6_THET8	P30843	n:m	
Q5SJK6_THET8	P08368	n:m	
Q5SJK6_THET8	P0A9Q1	n:m	
Q5SJK5_THET8	P76339	1:1	
Q5SJK2_THET8	P75830	1:m	852221
Q5SJK2_THET8	P76397	1:m	
Q5SJK1_THET8	P31548	n:m	
Q5SJK1_THET8	P07821	n:m	
Q5SJK1_THET8	Q47538	n:m	
Q5SJK1_THET8	P0A9T8	n:m	
Q5SJK1_THET8	P23878	n:m	
Q5SJK1_THET8	P0AAI1	n:m	
Q5SJK1_THET8	P75957	n:m	
Q5SJK1_THET8	P33931	n:m	
Q5SJK1_THET8	P0A9R7	n:m	
Q5SJK1_THET8	P16677	n:m	
Q5SJK1_THET8	P15031	n:m	
Q5SJI0_THET8	P31142	1:1	
Q5SJH8_THET8	P0AF28	n:m	
Q5SJH8_THET8	P0AED5	n:m	
Q5SJH8_THET8	P31802	n:m	
Q5SJH8_THET8	P0AGA6	n:m	
P60490	P0A7K6	1:1	1115173
Q5SJH6	P0A873	1:1	1078154
Q5SJH5	P0A7X6	1:1	
Q5SJH3	P0A7T3	1:1	851684
Q5SJH2_THET8	P0AGD7	1:1	851650
Q5SJG8_THET8	P75757	1:m	
Q5SJG8_THET8	P69380	1:m	1056969
P41255	P0A8N3	1:m	1054324
P41255	P0A8N5	1:m	
Q5SJG4_THET8	P0ABN1	1:1	
Q5SJF8	P0A6D5	1:m	
Q5SJF8	P15770	1:m	1071744
P52028	P00582	1:1	679286
Q5SMH2	P31120	1:1	1039133
Q5SMH0	P0A7F9	1:1	815726
Q5SJF1_THET8	P0AFU8	1:1	
Q5SJF0_THET8	P25539	1:1	
Q5SJE9_THET8	P0AG30	1:1	851672
Q5SJE8	P78055	1:m	1061687
Q5SJE8	P32669	1:m	
P56690	P00956	1:1	604881
Q5SJE6_THET8	P76524	1:1	779674
Q5SJE5_THET8	P0AC30	1:1	1093830
Q5SJE4_THET8	P37690	1:1	851903
Q5SJE1	P0A7M9	1:1	691756
Q5SJD9	P22186	1:1	
Q5SJD8	P60390	1:1	1085811
Q5SJD6_THET8	P0AD68	1:1	
Q5SJD5_THET8	P11880	1:1	1109972
Q5SJD3_THET8	P0A6W3	1:1	851649
Q5SJD2	P14900	1:1	782320
Q5SJD1_THET8	P0ABG4	n:m	1108566
Q5SJD1_THET8	P0ABG7	n:m	
Q5SJC9_THET8	P17952	1:1	667486
Q5SJC6_THET8	P0ABH0	1:1	1100849
Q5SJC5_THET8	P0A9A6	1:1	1113449
Q5SJC4	P0A814	1:1	1094510
Q5SJC0	P0A877	1:1	1103336
Q5SJB9	P0A879	1:1	1077767
P26996	P15042	1:1	1109484
Q5SJB5_THET8	P77257	n:m	
Q5SJB5_THET8	P0AAF3	n:m	
Q5SJB5_THET8	P0AAG8	n:m	
Q5SJB5_THET8	P77509	n:m	
Q5SJB5_THET8	P37388	n:m	851870
Q5SJB5_THET8	P04983	n:m	
Q5SJB5_THET8	P32721	n:m	
Q5SJB5_THET8	Q6BEX0	n:m	
Q5SJB0_THET8	P0A9J8	1:1	1078479
Q5SJA3_THET8	P0A9M0	n:1	1090371
Q5SJA1	P61889	1:1	
Q5SJ99_THET8	P67127	n:1	
Q5SJ94	P24186	1:1	1111808
Q5SJ91_THET8	P24182	1:1	
Q76G20	P0A6N4	1:1	1115242
Q5SJ85	P60651	1:1	1098777
Q5SJ77_THET8	P25744	1:1	
Q5SJ76	P0ADZ4	1:1	1111777
Q5SJ75	P05055	1:1	1115311
Q5SJ73_THET8	P0ABB8	1:1	689646
Q5SJ70_THET8	P60584	n:m	
Q5SJ70_THET8	P0A9U8	n:m	
Q5SJ69_THET8	P60566	1:m	
Q5SJ69_THET8	P76201	1:m	
Q5SJ68_THET8	P31574	1:m	
Q5SJ68_THET8	P77378	1:m	
Q5SJ61_THET8	P77212	1:m	
Q5SJ61_THET8	P06715	1:m	677296
Q5SJ59_THET8	P0A9G4	1:m	1022416
Q5SJ59_THET8	P0ACS5	1:m	
Q5SJ58	P00935	n:1	
Q5SJ55_THET8	P0AAG3	1:m	852127
Q5SJ55_THET8	P10346	1:m	
Q5SJ55_THET8	P45769	1:m	
Q5SJ49	P10371	1:1	1095575
Q5SJ47	P21893	1:1	1004806
Q5SJ45	P07118	1:1	604880
Q5SJ44_THET8	P0AEQ6	1:m	
Q5SJ44_THET8	P0AE30	1:m	
Q5SJ44_THET8	P0AFT2	1:m	1030055
Q5SJ43_THET8	P30860	1:m	
Q5SJ43_THET8	P30859	1:m	851968
Q5SJ43_THET8	P0AEM9	1:m	
Q5SJ43_THET8	P09551	1:m	
Q5SJ41_THET8	P23849	1:m	
Q5SJ41_THET8	P0AFZ7	1:m	851761
Q5SJ40_THET8	P0AGI8	1:1	851719
Q5SJ39	P0AEI4	1:1	1087748
Q5SJ37_THET8	P33025	1:1	1108641
Q5SJ35	P77739	1:1	1068832
Q5SJ34_THET8	P0ACZ2	1:m	
Q5SJ34_THET8	P0AAB2	1:m	
Q5SJ32_THET8	P0AE01	1:m	1103018
Q5SJ32_THET8	P37005	1:m	
Q5SJ31_THET8	P02919	1:m	
Q5SJ31_THET8	P02918	1:m	851708
Q5SJ29_THET8	P0ABU2	1:1	1110876
Q5SJ28	P0A6L0	1:1	1001027
Q5SJ26	P25536	1:1	1107664
Q5SJ25_THET8	P16926	1:1	1018056
Q5SJ23_THET8	P0AD65	1:1	1100393
Q5SJ17_THET8	P11446	n:1	1113833
Q5SJ15_THET8	P06960	1:m	
Q5SJ15_THET8	P04391	1:m	
Q5SJ04_THET8	P09151	1:1	1016547
Q5SJ02_THET8	P00894	1:1	1094068
Q5SJ01_THET8	P00893	1:m	1113696
Q5SJ01_THET8	P08142	1:m	
Q5SIY7_THET8	P00954	1:1	1106022
Q9ZND5	P0A6A6	1:1	1111871
Q9ZND4	P30126	1:1	
Q5SIY4	P30125	1:1	1082163
Q5SIY0	P05791	1:1	
Q5SIX7_THET8	P0AFK9	1:1	
Q5SIX6_THET8	P0AFL1	1:m	714101
Q5SIX6_THET8	P0AFK6	1:m	
Q5SIX5_THET8	P31135	1:m	
Q5SIX5_THET8	P0AFK4	1:m	714109
Q5SIX5_THET8	P77156	1:m	
Q5SIX4_THET8	P16676	n:m	851958
Q5SIX4_THET8	P10907	n:m	
Q5SIX4_THET8	P68187	n:m	
Q5SIX3_THET8	P0ABG4	n:m	
Q5SIX3_THET8	P0ABG7	n:m	1108567
Q5SIX1_THET8	P0AEZ3	1:1	851677
Q5SIX0_THET8	P0ACN2	1:1	
Q5SIW8_THET8	P27253	1:1	
Q5SIW6	P27550	1:1	851679
Q5SIW4_THET8	P77495	1:1	
Q5SIW3	P10408	1:1	1064662
Q5SIW2	P05852	1:1	1022663
Q5SIV8	P0A8C1	1:1	1007026
Q5SIV4_THET8	P0ABS5	1:1	
Q5SIV1_THET8	P31125	1:m	
Q5SIV1_THET8	P0AA70	1:m	
Q5SIU8_THET8	P24230	1:1	851668
Q56404	P0ABB4	1:1	
Q5SIT4_THET8	P75876	n:1	840124
Q5SIS8_THET8	P0AF16	1:1	851678
Q5SIS6_THET8	P13458	1:1	851896
Q5SIR9_THET8	P31548	n:m	
Q5SIR9_THET8	P07821	n:m	
Q5SIR9_THET8	Q47538	n:m	
Q5SIR9_THET8	P0A9T8	n:m	
Q5SIR9_THET8	P23878	n:m	
Q5SIR9_THET8	P0AAI1	n:m	
Q5SIR9_THET8	P75957	n:m	
Q5SIR9_THET8	P33931	n:m	
Q5SIR9_THET8	P0A9R7	n:m	
Q5SIR9_THET8	P16677	n:m	
Q5SIR9_THET8	P15031	n:m	
P23395	P00959	1:1	1096611
Q5SIR5	P0A7Z0	1:1	1102514
Q5SIR4_THET8	P0AE52	1:1	851692
Q5SIR0_THET8	P77257	n:m	
Q5SIR0_THET8	P0AAF3	n:m	
Q5SIR0_THET8	P0AAG8	n:m	
Q5SIR0_THET8	P77509	n:m	853872
Q5SIR0_THET8	P37388	n:m	
Q5SIR0_THET8	P04983	n:m	
Q5SIR0_THET8	P32721	n:m	
Q5SIR0_THET8	Q6BEX0	n:m	
Q5SME9	P0AEI1	1:1	1087747
Q5SIQ7	P0A8F0	1:1	1113038
Q5SIQ6_THET8	P0AC78	1:1	851709
Q5SIQ5_THET8	P27828	1:1	715233
Q5SIP8_THET8	P37051	1:1	1088696
Q5SIP7	P0A8R0	1:1	765881
Q56239	P23909	1:1	1112473
Q5SIP1_THET8	P07024	1:1	
Q5SIP0	P0A9C5	1:1	
Q5SIN9_THET8	P04816	1:m	
Q5SIN9_THET8	P0AD96	1:m	752757
Q5SIN8_THET8	P0AEX7	1:1	851859
Q5SIN7_THET8	P22729	1:1	
Q5SIN5_THET8	P0A9S7	1:1	
Q5SIN4_THET8	P22731	n:1	851855
Q5SIN3_THET8	P75797	1:m	
Q5SIN3_THET8	P33590	1:m	
Q5SIN3_THET8	P23847	1:m	
Q5SIN2_THET8	P75798	1:m	
Q5SIN2_THET8	P77308	1:m	
Q5SIN2_THET8	P0AEF8	1:m	
Q5SIN1_THET8	P75799	n:m	
Q5SIN1_THET8	P0AFH6	n:m	699305
Q5SIN1_THET8	P77463	n:m	
Q5SIN1_THET8	P0AFA9	n:m	
Q5SIN1_THET8	P0AEG1	n:m	
Q5SIM9_THET8	P08192	n:1	
Q5SIM8_THET8	P77265	n:m	
Q5SIM8_THET8	P0AAG5	n:m	
Q5SIM8_THET8	P60752	n:m	
Q5SIM7_THET8	P77265	n:m	851887
Q5SIM7_THET8	P0AAG5	n:m	
Q5SIM7_THET8	P60752	n:m	
Q5SIM6_THET8	P31660	1:m	796095
Q5SIM6_THET8	P0ABH7	1:m	
Q5SIM5_THET8	P12282	1:m	1035208
Q5SIM5_THET8	P30138	1:m	
P19436	P0ACF4	1:m	1030195
P19436	P0A6X7	1:m	
P19436	P0ACF0	1:m	
Q5SIL7_THET8	P0AF28	n:m	
Q5SIL7_THET8	P0AED5	n:m	
Q5SIL7_THET8	P31802	n:m	
Q5SIL7_THET8	P0AGA6	n:m	852102
Q5SIL4	P0AES4	1:1	1112307
Q7SIA8	P69488	1:1	1091761
Q5SIL0	P0ACJ8	n:1	
Q5SIK7_THET8	P0AFJ5	n:m	
Q5SIK7_THET8	P0ACZ8	n:m	
Q5SIK7_THET8	P21866	n:m	
Q5SIK7_THET8	P38684	n:m	
Q5SIK7_THET8	P23836	n:m	851996
Q5SIK7_THET8	P76340	n:m	
Q5SIK7_THET8	P69228	n:m	
Q5SIK7_THET8	P52076	n:m	
Q5SIK7_THET8	P0AA16	n:m	
Q5SIK7_THET8	P0AE88	n:m	
Q5SIK7_THET8	P30843	n:m	
Q5SIK7_THET8	P08368	n:m	
Q5SIK7_THET8	P0A9Q1	n:m	
Q5SIK6_THET8	P30844	n:1	853406
Q5SIK4_THET8	P77252	1:1	1055609
Q5SIK3_THET8	P77536	1:1	1109015
Q5SIK0_THET8	ECOLI01158	1:1	
Q5SIJ7_THET8	P36548	1:1	
Q5SIJ6_THET8	P0ADX1	1:1	1059559
Q5SIJ1	P76251	1:1	
Q5SII5	P12008	1:1	1114068
Q5SII4	P0A6D7	1:1	777705
Q5SII3_THET8	P07639	1:1	1056459
Q5SII1	P24224	1:1	
Q5SIH8_THET8	P0A6P5	1:1	1108859
Q5SIH7	P75960	1:1	725730
Q5SIH6_THET8	P31806	1:1	1113620
Q5SIH5	P00547	1:1	1113014
Q5SIH0	P0AGJ9	1:1	1114602
Q5SIG7_THET8	P32711	1:1	
Q5SIG6_THET8	P0AA86	n:1	852588
Q5SIG5_THET8	P33927	1:m	852017
Q5SIG5_THET8	P32710	1:m	
Q5SIG4	P69490	1:1	604343
Q5SIG3_THET8	P0ABM1	1:1	754596
Q5SIG2_THET8	P0ABL8	1:1	769496
Q5SIG1_THET8	P16679	1:1	
Q5SIE7_THET8	P09980	1:m	
Q5SIE7_THET8	P03018	1:m	784207
Q5SIE4_THET8	P69451	n:1	
Q5SIE0_THET8	P31551	n:m	1107107
Q5SIE0_THET8	P76082	n:m	
Q5SIE0_THET8	P0ABU0	n:m	
Q5SIE0_THET8	P52045	n:m	
Q5SID9_THET8	P12758	1:m	1006243
Q5SID9_THET8	P0ABP8	1:m	
Q5SID8_THET8	P31548	n:m	
Q5SID8_THET8	P07821	n:m	
Q5SID8_THET8	Q47538	n:m	
Q5SID8_THET8	P0A9T8	n:m	
Q5SID8_THET8	P23878	n:m	
Q5SID8_THET8	P0AAI1	n:m	
Q5SID8_THET8	P75957	n:m	
Q5SID8_THET8	P33931	n:m	
Q5SID8_THET8	P0A9R7	n:m	
Q5SID8_THET8	P16677	n:m	
Q5SID8_THET8	P15031	n:m	
Q5SID7	P0ACJ8	n:1	791820
Q56242	P0A698	1:1	828571
Q7SIB9	P60664	1:1	1095576
Q5SIC9_THET8	P06989	1:1	782453
Q5SIC8_THET8	P21437	1:m	
Q5SIC8_THET8	P0A9C9	1:m	1095703
Q5SIC5_THET8	P0AFQ7	1:m	
Q5SIC5_THET8	P27859	1:m	1065156
Q5SIC5_THET8	P39408	1:m	
Q5SIC1_THET8	P07014	1:m	
Q5SIC1_THET8	P0AC47	1:m	
Q5SIC0_THET8	P0AC41	1:1	
Q5SIB5_THET8	P36879	n:1	
Q5SIB1_THET8	P69451	n:1	
P80374	P0A7X3	1:1	993678
P60488	P0AA10	1:1	1115382
Q5SIA8	P0A7E5	1:1	1114224
Q5SIA6_THET8	P09831	1:1	828418
Q5SIA4_THET8	P0ACB0	1:1	700611
Q5SIA2_THET8	P45522	n:1	
Q9RA63	P63284	n:1	1098297
Q56237	P08622	n:m	
Q56237	P36659	n:m	
Q56236	P09372	1:1	1056789
Q56235	P0A6Y8	1:1	851655
Q5SI82	P0AAI3	n:1	
Q5SI81_THET8	P75876	n:1	
Q5SI74_THET8	P23538	1:1	
Q5SI73_THET8	P67153	1:1	1101747
Q5SI72_THET8	P0AFJ5	n:m	
Q5SI72_THET8	P0ACZ8	n:m	
Q5SI72_THET8	P21866	n:m	
Q5SI72_THET8	P38684	n:m	
Q5SI72_THET8	P23836	n:m	
Q5SI72_THET8	P76340	n:m	
Q5SI72_THET8	P69228	n:m	
Q5SI72_THET8	P52076	n:m	
Q5SI72_THET8	P0AA16	n:m	
Q5SI72_THET8	P0AE88	n:m	
Q5SI72_THET8	P30843	n:m	
Q5SI72_THET8	P08368	n:m	
Q5SI72_THET8	P0A9Q1	n:m	852177
Q5SI68	P0A6X1	1:1	1111748
Q5SI61_THET8	P0AB89	1:1	
Q5SI59_THET8	P0A7D7	1:1	790460
Q5SMH7_THET8	P0AG16	1:1	1114021
Q5SI56	P0A825	1:1	1110288
Q5SI55_THET8	P05824	1:1	1115055
Q5SI49	Q57261	1:1	1097675
P33197	P08200	1:1	
Q5SI41_THET8	P0A8P8	n:m	
Q5SI41_THET8	P0A8P6	n:m	
Q5SI34_THET8	P0A8Y8	1:m	
Q5SI34_THET8	P77781	1:m	1013158
Q5SI32	P0A8G0	1:1	1112370
Q5SI31_THET8	P0A717	n:1	1084668
Q5SI30_THET8	P0AF12	1:1	636094
Q5SI29	P45578	1:1	1032665
Q5SI28	P04079	1:1	758344
P29253	P0A7Y4	1:1	1004723
Q5SI22_THET8	P25743	1:m	1109475
Q5SI22_THET8	P67143	1:m	
Q5SI21	P0A6D0	1:1	
Q5SI20_THET8	P0ABQ0	1:1	1094696
Q5SI18	P60546	1:1	1063871
Q5SI17_THET8	P21517	n:1	787833
Q5SI16	P0AFH0	1:1	
Q5SI06_THET8	P75913	1:1	852737
Q5SI04_THET8	P00370	n:1	1101691
Q5SI03_THET8	P00370	n:1	
Q5SI00_THET8	P0ACM2	1:m	
Q5SI00_THET8	P0ACL5	1:m	
Q5SHZ8	P0AB77	1:1	1008272
Q5SHZ4	P0AES6	1:1	1112306
Q5SHZ3	P07862	1:m	1041514
Q5SHZ3	P0A6J8	1:m	
Q5SHZ2	P0A7D1	1:1	1037071
Q5SHY7_THET8	P0AFJ5	n:m	
Q5SHY7_THET8	P0ACZ8	n:m	
Q5SHY7_THET8	P21866	n:m	
Q5SHY7_THET8	P38684	n:m	
Q5SHY7_THET8	P23836	n:m	
Q5SHY7_THET8	P76340	n:m	
Q5SHY7_THET8	P69228	n:m	
Q5SHY7_THET8	P52076	n:m	851833
Q5SHY7_THET8	P0AA16	n:m	
Q5SHY7_THET8	P0AE88	n:m	
Q5SHY7_THET8	P30843	n:m	
Q5SHY7_THET8	P08368	n:m	
Q5SHY7_THET8	P0A9Q1	n:m	
Q5SHY3_THET8	P24077	n:1	
Q5SHY2_THET8	P0ACB2	1:1	
Q5SHY0	P0A7H6	1:1	1115261
Q5SHX4_THET8	P0AFP6	1:1	1079907
Q5SHX3	P0A720	1:1	1053911
Q5SHW3_THET8	P0ACE7	1:1	1088593
Q5SHW0	P23256	1:1	
Q5SHV7_THET8	P75849	1:1	707228
Q5SHV5_THET8	P0C0L2	1:1	1059555
Q5SHV1_THET8	P31549	n:1	
Q5SHV0_THET8	P16676	n:m	
Q5SHV0_THET8	P10907	n:m	
Q5SHV0_THET8	P68187	n:m	
Q5SHU9	P07649	1:1	1101104
Q5SHU8_THET8	P75799	n:m	699306
Q5SHU8_THET8	P0AFH6	n:m	
Q5SHU8_THET8	P77463	n:m	
Q5SHU8_THET8	P0AFA9	n:m	
Q5SHU8_THET8	P0AEG1	n:m	
Q5SHU7_THET8	P33591	1:1	
Q5SHU5_THET8	P0ACC3	1:1	992963
Q5SHU3_THET8	P0A717	n:1	
Q5SHU0_THET8	P21170	1:1	1075249
Q5SHT8	P0A817	1:1	1105217
Q5SHT7	P22634	1:1	1036963
Q5SHT3_THET8	P21517	n:1	
Q5SHS8_THET8	P0AEX9	1:1	841743
Q5SHS6	P52061	1:1	1101543
Q5SHS5_THET8	P22939	1:m	
Q5SHS5_THET8	P0AD57	1:m	1102245
Q5SHR9_THET8	P0ABT8	1:1	
Q9Z9H5	P0AG44	1:1	1104561
Q5SHR6	P0A7Z4	1:1	1115356
P80373	P0A7V8	1:1	1109661
P80376	P0A7R9	1:1	1057304
P80377	P0A7S9	1:1	1053188
Q5SHR1	P69222	1:1	1115252
Q5SHR0_THET8	P0AE18	1:1	
Q5SHQ9	P69441	1:1	1112715
Q5SHQ8	P0AGA2	1:1	1111635
Q5SHQ5	P0A7W1	1:1	1112182
Q5SHQ4	P0C018	1:1	1111852
P0DOY8	P0AG55	1:1	1096471
P0DOY9	P0A7W7	1:1	1112569
Q5SHQ0	P62399	1:1	1113649
Q5SHP9	P60624	1:1	1109610
Q5SHP8	P0ADY3	1:1	1114514
P0DOY7	P0AG63	1:1	1108402
P60489	P0ADY7	1:1	1115423
P80372	P0A7V3	1:1	851647
Q5SHP3	P61175	1:1	1109511
Q5SHP2	P0A7U3	1:1	1115365
P60405	P60422	1:1	1113959
Q5SHP0	P0ADZ0	1:1	1078821
Q5SHN9	P60723	1:1	1093561
Q5SHN8	P60438	1:1	1115404
Q5SHN7	P0A7R5	1:1	1114442
Q5SHN6	P0CE47	n:m	851861
Q5SHN6	P0CE48	n:m	
Q5SHN5	P0A6M8	1:1	851654
P17291	P02359	1:1	1111540
Q5SHN3	P0A7S3	1:1	1037757
Q5SHM7_THET8	P30143	1:1	
Q5SHM3_THET8	P0A823	1:1	994172
Q5SHL5_THET8	P0AEB5	1:1	
Q5SHL3_THET8	P0AG24	1:1	1072148
Q5SHL0_THET8	Q59385	1:1	689647
Q5SHK8_THET8	P0AFJ5	n:m	
Q5SHK8_THET8	P0ACZ8	n:m	
Q5SHK8_THET8	P21866	n:m	
Q5SHK8_THET8	P38684	n:m	
Q5SHK8_THET8	P23836	n:m	
Q5SHK8_THET8	P76340	n:m	851906
Q5SHK8_THET8	P69228	n:m	
Q5SHK8_THET8	P52076	n:m	
Q5SHK8_THET8	P0AA16	n:m	
Q5SHK8_THET8	P0AE88	n:m	
Q5SHK8_THET8	P30843	n:m	
Q5SHK8_THET8	P08368	n:m	
Q5SHK8_THET8	P0A9Q1	n:m	
Q5SHK7_THET8	P30847	1:1	
Q5SHK2_THET8	P0AA86	n:1	
Q5SHJ5_THET8	P77444	1:m	1042118
Q5SHJ5_THET8	Q46925	1:m	
Q5SHJ0	P0A6S7	1:1	1034900
Q5SHI4	P27247	1:1	1094930
Q5SHI3_THET8	P0AA25	1:1	851667
Q5SHI1_THET8	P26281	1:1	1054084
Q5SHI0_THET8	P24174	1:1	
Q5SHH5	P77581	n:m	
Q5SHH5	P22256	n:m	
Q5SHH5	P18335	n:m	
Q5SHG3	P0ABD5	1:1	1080754
Q5SHG2	P0A9Q5	1:1	1067719
Q5SHF9_THET8	P07650	1:1	1111035
Q5SHF7_THET8	P77704	1:m	
Q5SHF7_THET8	P0C8J6	1:m	
Q5SHF7_THET8	P0AB74	1:m	736996
Q5SHF5	P31663	1:1	1102411
Q5SHF3_THET8	P0AAT6	1:1	1095389
Q5SHF0	P0A752	1:1	1114710
Q5SHE9	P42641	1:1	1114565
P60493	P0A7L8	1:1	1111788
P60492	P0AG48	1:1	1077451
Q5SHE5_THET8	P46850	1:1	1107518
Q5SHE1_THET8	P0A738	1:1	1100756
Q8RQP5	P62617	1:1	1075934
Q5SHD6	P0A731	1:1	829672
Q5SHD4	P77718	1:1	1081616
Q5SHD2_THET8	P75788	1:1	
Q5SHC6_THET8	P0A8Z0	n:1	1077825
O50606	P05523	1:1	1080081
Q5SHC3_THET8	P31549	n:1	852192
Q5SHC2_THET8	P31550	1:1	634351
Q8RQE8	P0A8T7	1:1	1110963
Q8RQE9	P0A8V2	1:1	1112635
Q5SHB5	P0A6Q6	1:1	746211
Q5SHB4_THET8	P0A9X4	1:1	1073157
Q5SHB2	P0A7G6	1:1	1115295
Q5SHB1	P37025	1:1	
Q5SHB0_THET8	P77808	1:1	1050909
Q5SHA7_THET8	P77625	1:m	998445
Q5SHA7_THET8	P77475	1:m	
Q5SHA6_THET8	P51981	n:1	
Q5SHA3_THET8	P0AFR7	n:m	
Q5SHA3_THET8	P10905	n:m	
Q5SHA2_THET8	P28306	1:1	1023440
P74941	P00957	1:1	1016298
Q5SH96_THET8	P31548	n:m	
Q5SH96_THET8	P07821	n:m	
Q5SH96_THET8	Q47538	n:m	
Q5SH96_THET8	P0A9T8	n:m	852189
Q5SH96_THET8	P23878	n:m	
Q5SH96_THET8	P0AAI1	n:m	
Q5SH96_THET8	P75957	n:m	
Q5SH96_THET8	P33931	n:m	
Q5SH96_THET8	P0A9R7	n:m	
Q5SH96_THET8	P16677	n:m	
Q5SH96_THET8	P15031	n:m	
Q5SH95_THET8	P77650	1:m	
Q5SH95_THET8	P37596	1:m	
Q5SH94_THET8	P0A9G6	1:1	1097253
Q5SH92_THET8	P77499	1:1	851673
Q5SH91_THET8	P77522	1:1	1113323
Q5SH90_THET8	P77689	1:1	1113324
Q5SH89_THET8	P0ABW0	1:1	807450
Q5SH88	P30177	1:1	
P05379	P00903	1:1	758345
P05378	P00895	1:m	
P05378	ECOLI01718	1:m	
Q5SH76_THET8	P0A887	1:1	665693
Q5SH70_THET8	P28631	1:1	
P56881	P0A8M3	1:1	1088763
Q5SH54_THET8	P76086	1:1	1004673
Q5SH53_THET8	P0AG80	n:1	
Q5SH52_THET8	P0A6T5	1:1	1110926
Q5SH51_THET8	P39206	1:m	
Q5SH51_THET8	P77181	1:m	
Q5SH46_THET8	P0AAZ4	1:1	851657
Q5SH44_THET8	P10906	n:1	
Q5SH43_THET8	P76518	1:1	
Q5SH42_THET8	P76909	n:m	
Q5SH42_THET8	P0A9X1	n:m	
Q5SH42_THET8	P16678	n:m	
Q56243	P0A8F8	1:1	1112390
Q56213	P17169	1:1	726037
Q5SH32_THET8	P17802	1:1	
Q5SH31_THET8	P75874	1:1	1078364
Q5SH26_THET8	P11446	n:1	
Q5SH23	P0C0U4	1:1	749068
Q5SH15	P60472	1:1	1113872
Q5SH14_THET8	P60584	n:m	
Q5SH14_THET8	P0A9U8	n:m	
Q5SH13_THET8	P0AG03	1:1	1040829
Q5SH10_THET8	P0A9P4	1:1	605444
Q5SH06_THET8	P36879	n:1	
Q5SH03	P0A7B5	1:1	1108869
Q5SH02	P07004	1:1	1108670
Q5SGZ4_THET8	P0AG80	n:1	
Q5SGZ3	P36979	1:1	607357
Q5SGZ2_THET8	P60584	n:m	1067784
Q5SGZ2_THET8	P0A9U8	n:m	
P96077	P0A7I0	1:1	1115059
Q5SGY9_THET8	P0A8H3	1:1	852030
Q5SGY0	P0A6C8	1:1	1102576
Q5SGX2	P08312	1:1	1104715
Q5SGX1	P07395	1:1	1056509
P21777	P0A796	1:1	1069815
Q5SGW7_THET8	P67087	1:1	1108351
P38576	P0A7A9	1:1	1113483
Q5SGW2_THET8	P37443	1:1	851697
Q9LCY2	P0A6U5	1:1	1108319
Q5SGV8	P0A6U3	1:1	1113314
Q9X9D5	P03004	1:1	1063408
Q53WH6_THET8	P15047	n:m	630852
Q53WH6_THET8	P0AET8	n:m	
Q53WH6_THET8	P33368	n:m	
Q53WH6_THET8	P37440	n:m	
Q53WH6_THET8	P76633	n:m	
Q53WH6_THET8	P37769	n:m	
Q53WH6_THET8	P52037	n:m	
Q53WH6_THET8	P0AG84	n:m	
Q53WH6_THET8	P0A9P9	n:m	
Q53WH2_THET8	P15047	n:m	
Q53WH2_THET8	P0AET8	n:m	
Q53WH2_THET8	P33368	n:m	
Q53WH2_THET8	P37440	n:m	
Q53WH2_THET8	P76633	n:m	
Q53WH2_THET8	P37769	n:m	
Q53WH2_THET8	P52037	n:m	
Q53WH2_THET8	P0AG84	n:m	
Q53WH2_THET8	P0A9P9	n:m	
Q53WE0_THET8	P60584	n:m	
Q53WE0_THET8	P0A9U8	n:m	
Q53WD0_THET8	P05804	1:1	
Q53WC9_THET8	P31434	1:1	732207
Q53WC6_THET8	P75683	1:m	
Q53WC6_THET8	P0CE44	1:m	
Q53WC6_THET8	P31435	1:m	
Q53WC6_THET8	P32136	1:m	
Q53WC6_THET8	ECOLI03646	1:m	
Q53WC6_THET8	A0A024L8A5_ECOLX	1:m	
Q53WB8_THET8	P0A9H5	1:1	
Q53WB6_THET8	P36561	1:1	1098099
Q7SIC7	P36562	1:1	
Q53WB3_THET8	P52086	1:1	
Q53W92	P0A840	1:1	
Q53W90_THET8	P0A955	1:m	1004684
Q53W90_THET8	Q6BF16	1:m	
Q53W89_THET8	P77300	n:m	
Q53W89_THET8	P0ACN4	n:m	
Q53W89_THET8	P76268	n:m	
Q53W89_THET8	P77732	n:m	
Q53W89_THET8	P37671	n:m	
Q53W89_THET8	P16528	n:m	
Q53W88_THET8	P37676	1:1	
Q53W86_THET8	P37675	1:1	
Q53W85_THET8	P15047	n:m	
Q53W85_THET8	P0AET8	n:m	
Q53W85_THET8	P33368	n:m	
Q53W85_THET8	P37440	n:m	
Q53W85_THET8	P76633	n:m	
Q53W85_THET8	P37769	n:m	
Q53W85_THET8	P52037	n:m	
Q53W85_THET8	P0AG84	n:m	
Q53W85_THET8	P0A9P9	n:m	
Q53W84_THET8	P77555	1:m	
Q53W84_THET8	P30178	1:m	
Q53W83	P37647	1:1	823975
Q53W82_THET8	P15047	n:m	
Q53W82_THET8	P0AET8	n:m	
Q53W82_THET8	P33368	n:m	
Q53W82_THET8	P37440	n:m	
Q53W82_THET8	P76633	n:m	
Q53W82_THET8	P37769	n:m	
Q53W82_THET8	P52037	n:m	
Q53W82_THET8	P0AG84	n:m	
Q53W82_THET8	P0A9P9	n:m	
Q53W81_THET8	P0ACP7	n:m	
Q53W81_THET8	P25748	n:m	
Q53W81_THET8	P03024	n:m	
Q53W81_THET8	P0ACP5	n:m	
Q53W81_THET8	P0ACQ0	n:m	633542
Q53W76_THET8	P77716	n:m	
Q53W76_THET8	P68183	n:m	
Q53W75_THET8	P24240	1:m	
Q53W75_THET8	Q46829	1:m	1037889
Q53W75_THET8	P11988	1:m	
Q53W69_THET8	P75822	1:1	675657
Q53WF7_THET8	P09148	1:1	1005141
Q53W39_THET8	P33937	1:m	
Q53W39_THET8	P07658	1:m	
Q53W34	P0A744	1:1	604759
Q53W27_THET8	P0AEY8	1:m	
Q53W27_THET8	P28246	1:m	852125
Q53W26_THET8	P0AF43	1:1	
Q53W25_THET8	P10908	1:1	
Q53W24_THET8	P0A6F3	1:1	689315
Q53W23_THET8	P0A9C0	1:m	
Q53W23_THET8	P13035	1:m	
Q53VZ6_THET8	P0AEF4	1:m	
Q53VZ6_THET8	P0AD01	1:m	1083093
Q53VZ4_THET8	P37009	1:1	
Q53VZ3_THET8	P31549	n:1	
Q53VY2	P38036	1:1	707762
Q53VX9_THET8	Q46899	1:1	1055027
Q53WH0_THET8	Q46898	1:1	651717
Q53WG9	Q46897	1:1	
Q53WG8	Q46896	1:1	1037749
Q53WG7_THET8	P45956	1:1	1013441
Q53WG6	P75746	1:1	1101562
Q53WG5_THET8	P32177	1:1	1067689
Q53VX2_THET8	P0A8Z0	n:1	
Q53VX0_THET8	P39452	1:1	635557
Q53VW1_THET8	P31548	n:m	
Q53VW1_THET8	P07821	n:m	852084
Q53VW1_THET8	Q47538	n:m	
Q53VW1_THET8	P0A9T8	n:m	
Q53VW1_THET8	P23878	n:m	
Q53VW1_THET8	P0AAI1	n:m	
Q53VW1_THET8	P75957	n:m	
Q53VW1_THET8	P33931	n:m	
Q53VW1_THET8	P0A9R7	n:m	
Q53VW1_THET8	P16677	n:m	
Q53VW1_THET8	P15031	n:m	
Q53VW0_THET8	P23877	n:m	
Q53VW0_THET8	P23876	n:m	605998
Q53VW0_THET8	P06609	n:m	
Q53VW0_THET8	P15030	n:m	
Q53VV9_THET8	P37028	n:1	
Q53VU2_THET8	ECOLI00321	1:1	
Q53VU0_THET8	P77608	1:1	
Q53VT9_THET8	P17445	n:m	
Q53VT9_THET8	P23883	n:m	
Q53VT9_THET8	P80668	n:m	
Q53VT9_THET8	P77674	n:m	
Q53VT9_THET8	P37685	n:m	
Q53WI1_THET8	P77161	n:m	
Q53WI1_THET8	Q46888	n:m	
Q53WI1_THET8	ECOLI02938	n:m	1093195
Q53WI1_THET8	P0A9V8	n:m	
Q53WI0	P51020	1:1	1016552
Q53WH9	P77580	1:1	726969
Q53VT7_THET8	P77300	n:m	
Q53VT7_THET8	P0ACN4	n:m	
Q53VT7_THET8	P76268	n:m	
Q53VT7_THET8	P77732	n:m	
Q53VT7_THET8	P37671	n:m	
Q53VT7_THET8	P16528	n:m	

